group_title,post_id,post_time,user_name,user_id,user_profile_url,text,ocr_text,price,likes_count,comments_count,shares_count,is_video,post_url,image_urls,group_url
Jual Beli Bawang Goreng Indonesia (JUBAGORIN),2720647125003875,2026-07-29T21:52:27.000Z,Irfan Fauzi,100000404948462,https://www.facebook.com/100000404948462,Hari ini menandai 9 tahun Jual Beli Bawang Goreng Indonesia (JUBAGORIN)! Terima kasih semuanya sudah membantu menjaga komunitas ini tetap kuat.,May be a doodle of one or more people and text,,0,0,0,False,https://www.facebook.com/groups/404302279971716/permalink/2720647125003875/,https://scontent-iad3-1.xx.fbcdn.net/v/t39.30808-6/761064138_27901546529442138_2703767396393992170_n.jpg?stp=dst-jpg_tt6&cstp=mx1125x1125&ctp=p526x296&_nc_cat=110&ccb=1-7&_nc_sid=aa7b47&_nc_ohc=N8NXjhSm67oQ7kNvwE8EXfI&_nc_oc=AdoRX2OAhvnFhXS9YFqQwsBFFwd-vKS5bmiFlkfNQ-3A5pPcMBCL8pBTMyXZ-q5kkJ8&_nc_zt=23&_nc_ht=scontent-iad3-1.xx&_nc_gid=8jf72uTimdyWR6ZN6W8IkQ&_nc_ss=72289&oh=00_AQEjMI70l6HjTyx7557ztIgyRNJUMM1vxG8JWF3hzRjvlg&oe=6A7081EC,https://web.facebook.com/groups/404302279971716
Jual Beli Bawang Goreng Indonesia (JUBAGORIN),2720241241711130,2026-07-29T12:46:07.000Z,Produsen Wajan,100005492205365,https://www.facebook.com/100005492205365,"Wajan anti bocor siap tampung untuk masak kapasitas 50 kg bisa untuk bawang goreng keripik krupuk snack gula dodol dll
Minat inbox saja 089528379069
#produsenwajanindustri
#wajanbandung",May be an image of water heater,,0,0,0,False,https://www.facebook.com/groups/404302279971716/permalink/2720241241711130/,https://www.facebook.com/produsenwajanindustri/posts/pfbid05uKX9wQ6xvDQeDqsfVLsaSegj7wopu5ezQgjsPbWxcXFG36e438WHAX9NN5GG4Q2l | https://scontent-iad3-1.xx.fbcdn.net/v/t39.99422-6/758964486_1593179918537842_3781531420573078922_n.png?stp=dst-jpg_tt6&cstp=mx896x1195&ctp=s590x590&_nc_cat=104&ccb=1-7&_nc_sid=833d8c&_nc_ohc=XwSrM-kektsQ7kNvwEXVfsl&_nc_oc=Adp3sZENQYNMEkr2yV7Rmqr6On-W27Wzph57xi4QYzynMT8hIZ674zelKeWKow3L0hs&_nc_zt=14&_nc_ht=scontent-iad3-1.xx&_nc_gid=8jf72uTimdyWR6ZN6W8IkQ&_nc_ss=72289&oh=00_AQGO2gzSN1OxVaZcmqNI4KDXNgM0R5GyjFd_gssIpQD9Gw&oe=6A708C36 | https://scontent-iad3-1.xx.fbcdn.net/v/t39.99422-6/758809156_1389338489713074_2922608380284887138_n.png?stp=dst-jpg_tt6&cstp=mx896x1195&ctp=s590x590&_nc_cat=108&ccb=1-7&_nc_sid=833d8c&_nc_ohc=d6BrlmFwJQ4Q7kNvwEWWEww&_nc_oc=AdrEE_gHkUi4oQPuYj9ibet8No3zJ4M7bDYUMRABZmjc-jn6K-WgEKMipzTULmDo6TQ&_nc_zt=14&_nc_ht=scontent-iad3-1.xx&_nc_gid=8jf72uTimdyWR6ZN6W8IkQ&_nc_ss=72289&oh=00_AQHHLJ8uJzP4wGWpa-Ip3slmeDHi1rFU9qqqmg0hM5gtbw&oe=6A706828,https://web.facebook.com/groups/404302279971716
Jual Beli Bawang Goreng Indonesia (JUBAGORIN),2720241045044483,2026-07-29T12:45:51.000Z,Produsen Wajan,100005492205365,https://www.facebook.com/100005492205365,"Wajan anti bocor siap tampung untuk masak kapasitas 50 kg bisa untuk bawang goreng keripik krupuk snack gula dodol dll
Minat inbox saja 089528379069
#produsenwajanindustri
#wajanbandung",May be an image of water heater,,0,0,0,False,https://www.facebook.com/groups/404302279971716/permalink/2720241045044483/,https://www.facebook.com/produsenwajanindustri/posts/pfbid05uKX9wQ6xvDQeDqsfVLsaSegj7wopu5ezQgjsPbWxcXFG36e438WHAX9NN5GG4Q2l | https://scontent-iad3-1.xx.fbcdn.net/v/t39.99422-6/758964486_1593179918537842_3781531420573078922_n.png?stp=dst-jpg_tt6&cstp=mx896x1195&ctp=s590x590&_nc_cat=104&ccb=1-7&_nc_sid=833d8c&_nc_ohc=XwSrM-kektsQ7kNvwEXVfsl&_nc_oc=Adp3sZENQYNMEkr2yV7Rmqr6On-W27Wzph57xi4QYzynMT8hIZ674zelKeWKow3L0hs&_nc_zt=14&_nc_ht=scontent-iad3-1.xx&_nc_gid=8jf72uTimdyWR6ZN6W8IkQ&_nc_ss=72289&oh=00_AQGO2gzSN1OxVaZcmqNI4KDXNgM0R5GyjFd_gssIpQD9Gw&oe=6A708C36 | https://scontent-iad3-1.xx.fbcdn.net/v/t39.99422-6/758809156_1389338489713074_2922608380284887138_n.png?stp=dst-jpg_tt6&cstp=mx896x1195&ctp=s590x590&_nc_cat=108&ccb=1-7&_nc_sid=833d8c&_nc_ohc=d6BrlmFwJQ4Q7kNvwEWWEww&_nc_oc=AdrEE_gHkUi4oQPuYj9ibet8No3zJ4M7bDYUMRABZmjc-jn6K-WgEKMipzTULmDo6TQ&_nc_zt=14&_nc_ht=scontent-iad3-1.xx&_nc_gid=8jf72uTimdyWR6ZN6W8IkQ&_nc_ss=72289&oh=00_AQHHLJ8uJzP4wGWpa-Ip3slmeDHi1rFU9qqqmg0hM5gtbw&oe=6A706828,https://web.facebook.com/groups/404302279971716
Bawang Goreng Nusantara,27434354919524467,2026-07-30T01:26:59.000Z,Tukangwajan,100062344346474,https://www.facebook.com/100062344346474,"Agar hasil Maksimal gunakan wajan yang Berkualitas ⬇️
Wajan Penggorengan untuk ukuran mulai dari Diameter 80cm sampai 120cm, bahan Stainless dan Besi ada Boooskuh, bisa custom order sesuai kebutuhan...
.
Info pemesanan bisa lanjut inbox atau wa 081298569548 lokasi Bandung",May be an image of water heater | May be an image of foundry | May be an image of foundry and text that says 'Ukuran wajan dari 80 cm- 115 m-115 1 cm... Bisa Custom',,0,0,0,False,https://www.facebook.com/groups/4703268329726449/permalink/27434354919524467/,https://www.facebook.com/media/set/?set=pcb.27434354919524467&type=1 | https://scontent-ord5-2.xx.fbcdn.net/v/t39.99422-6/759955110_905579562011781_3272614573865598778_n.png?stp=dst-jpg_tt6&cstp=mx720x960&ctp=s590x590&_nc_cat=102&ccb=1-7&_nc_sid=aa7b47&_nc_ohc=HjPyktqdUtcQ7kNvwFfsybh&_nc_oc=AdreRnCo4WQomEnl5OrYP9AGNQVyB-cIuTnrWnZLYlyQ0k0fv2UBaC8J-S6sXeD8IGo&_nc_zt=14&_nc_ht=scontent-ord5-2.xx&_nc_gid=3FDhUTfRq0CUcRQqMA3Q9g&_nc_ss=72289&oh=00_AQGF2gBk3REW8ySqfBuUgDWC9hsPGnNaN6wWz-rFJHjKSA&oe=6A7095B2 | https://scontent-ord5-1.xx.fbcdn.net/v/t39.99422-6/760472501_28204216305837408_3075236387802131050_n.png?stp=dst-jpg_tt6&cstp=mx708x946&ctp=s590x590&_nc_cat=108&ccb=1-7&_nc_sid=aa7b47&_nc_ohc=SrH7K5wGjXkQ7kNvwFb9U3p&_nc_oc=AdrgktN5eiz8SGX129RMlueaPM9NF0EkuCH4Luppx9BRvbAtVPShyKZi3Y7r277GZEM&_nc_zt=14&_nc_ht=scontent-ord5-1.xx&_nc_gid=3FDhUTfRq0CUcRQqMA3Q9g&_nc_ss=72289&oh=00_AQH_33Co_eYqmtXPneBK-lCcTSZemMiPzO54dsjPjF00rw&oe=6A706E13 | https://scontent-ord5-3.xx.fbcdn.net/v/t39.99422-6/760523114_2136593203933964_625013706720195108_n.png?stp=dst-jpg_tt6&cstp=mx720x1280&ctp=s590x590&_nc_cat=100&ccb=1-7&_nc_sid=aa7b47&_nc_ohc=BbDN9KPn9cUQ7kNvwGGEXRL&_nc_oc=AdqFnx2KCjUt7VWqKM4FqxVI89sr8OHfs5V3MVuWFbFqfwsoh8U-EwW8JzYdclW_3sk&_nc_zt=14&_nc_ht=scontent-ord5-3.xx&_nc_gid=3FDhUTfRq0CUcRQqMA3Q9g&_nc_ss=72289&oh=00_AQHlWRmMPOuBeYQGhut4VHo-gOpZPvtd9FYWJw1GrMvtBA&oe=6A7068D9 | https://scontent-ord5-1.xx.fbcdn.net/v/t39.99422-6/759824004_2081998802352769_2689462768671159151_n.png?stp=dst-jpg_tt6&cstp=mx720x960&ctp=s590x590&_nc_cat=107&ccb=1-7&_nc_sid=aa7b47&_nc_ohc=A8IvwK4FCuQQ7kNvwFD2598&_nc_oc=AdoAQ3Lj1sszVo1KQjd1f2Zl_yMUk-76cDpjyE7LtUAIQGmcnM3hovWBlw4J1_3Rkd0&_nc_zt=14&_nc_ht=scontent-ord5-1.xx&_nc_gid=3FDhUTfRq0CUcRQqMA3Q9g&_nc_ss=72289&oh=00_AQEAY9KNb1LDAErtYbcl3WAlOJVwiBD6tbQvqQkmIaaG6Q&oe=6A7093F5,https://web.facebook.com/groups/4703268329726449
Bawang Goreng Nusantara,27433443452948947,2026-07-29T23:22:27.000Z,Madan Angkat,61579100950462,https://www.facebook.com/61579100950462,Canter aceh,,,0,0,0,False,https://www.facebook.com/groups/4703268329726449/permalink/27433443452948947/,https://scontent-ord5-3.xx.fbcdn.net/v/t15.5256-10/756814423_3105483956311505_271669158243595174_n.jpg?stp=dst-jpg_tt6&cstp=mx1080x1920&ctp=s960x960&_nc_cat=110&ccb=1-7&_nc_sid=5fad0e&_nc_ohc=Xna456KHAvMQ7kNvwFtZ-6k&_nc_oc=AdoaSOxFhkoTOYJ0wFC7ir0I_4xjwMTxFhbLyZadco9gNnz8fOKqTE7SI6Q1lNfMVfE&_nc_zt=23&_nc_ht=scontent-ord5-3.xx&_nc_gid=3FDhUTfRq0CUcRQqMA3Q9g&_nc_ss=72289&oh=00_AQEfRMJIqaXoNaHWex992mnUcuOeavjRKN_6GZYdS4NSMQ&oe=6A706B5E,https://web.facebook.com/groups/4703268329726449
Bawang Goreng Nusantara,27433123992980893,2026-07-29T22:32:52.000Z,Bengkel Wajan Stainless,61563382163400,https://www.facebook.com/61563382163400,"wajan penggorengan stainless ukuran 115cm tebal 2mili sambungan 1mili tinggi 25cm 

info pemesanan wa +62 815-7326-1378",May be an image of foundry,,0,0,0,False,https://www.facebook.com/groups/4703268329726449/permalink/27433123992980893/,https://scontent-ord5-1.xx.fbcdn.net/v/t39.99422-6/750617434_1688269615798165_6094319334324325299_n.png?stp=dst-jpg_tt6&cstp=mx1524x2032&ctp=p526x296&_nc_cat=106&ccb=1-7&_nc_sid=833d8c&_nc_ohc=zSuD_twv-TQQ7kNvwHw4eKK&_nc_oc=Adq6G3wsv2BRtwXQf_13vjET1dbmPLhAm6mNcylZVBMh21VPfBbVfVRnTDr1cWQ9Stw&_nc_zt=14&_nc_ht=scontent-ord5-1.xx&_nc_gid=3FDhUTfRq0CUcRQqMA3Q9g&_nc_ss=72289&oh=00_AQH0M4Cz_srnWDu4bwh2ta-1UWO-U4O4FusDXIrN6LVUgw&oe=6A708298,https://web.facebook.com/groups/4703268329726449
Bawang Goreng Nusantara,27429664363326856,2026-07-29T15:30:15.000Z,Ratna Intan,61584298797716,https://www.facebook.com/61584298797716,"Brambang goreng readyy setiap hari
Harga murahh pollll, melayani ecer ,partai kecil dan partai besar

Ready Grade A , grade B , murnian

Siap kirim ke seluruh indonesia.. 

wa 085877380535",May be an image of sea moss | May be an image of anchovies,,1,0,10,True,https://www.facebook.com/groups/4703268329726449/permalink/27429664363326856/,https://www.facebook.com/media/set/?set=pcb.27429664363326856&type=1 | https://scontent.fabe1-1.fna.fbcdn.net/v/t39.30808-6/759796438_122138564853143293_519263604660905688_n.jpg?stp=dst-jpg_tt6&cstp=mx1536x2048&ctp=s590x590&_nc_cat=108&ccb=1-7&_nc_sid=aa7b47&_nc_ohc=EbP60G9YNosQ7kNvwFe495U&_nc_oc=Adraxp8e4-g5MlkYZdISd7L4uNKOfxx-LvHBDXp-nmrjgFTT9WQamcGjER7iI_hwZpE&_nc_zt=23&_nc_ht=scontent.fabe1-1.fna&_nc_gid=7qb8X1vKB8jsCLY70RdQuA&_nc_ss=72289&oh=00_AQFP8v2_t8GzPk8Ar-ZVdRYrKRxDwUgKrhhSxmltZAwAXw&oe=6A707EE2 | https://scontent.fabe1-1.fna.fbcdn.net/v/t15.5256-10/758377009_1583161716786956_4233035057250644045_n.jpg?stp=dst-jpg_tt6&cstp=mx478x850&ctp=s590x590&_nc_cat=104&ccb=1-7&_nc_sid=117846&_nc_ohc=OBa_P2nPH34Q7kNvwFa5xKc&_nc_oc=Adplpi3k6kRsjhu0qkcG9uBZb2B3Zvv7Fq7IqxXj6qj-Em8M1-WMp3spOOhiEFmhalQ&_nc_zt=23&_nc_ht=scontent.fabe1-1.fna&_nc_gid=7qb8X1vKB8jsCLY70RdQuA&_nc_ss=72289&oh=00_AQHVTTQiKYKxSvyW5Mzu34rAmoCldIoNaqIYLJJaU3JXuw&oe=6A708C36 | https://scontent.fabe1-1.fna.fbcdn.net/v/t39.30808-6/758153841_122138564865143293_6214501761102091144_n.jpg?stp=dst-jpg_tt6&cstp=mx1536x2048&ctp=s590x590&_nc_cat=108&ccb=1-7&_nc_sid=aa7b47&_nc_ohc=etmrP8z6Bw4Q7kNvwEFjLDe&_nc_oc=AdrlYNAtrXy_jNQT4Apqj-i3HpI5wjnDEscwg5F9dw_fA5Q4votOa9O8JCvnYM53MyM&_nc_zt=23&_nc_ht=scontent.fabe1-1.fna&_nc_gid=7qb8X1vKB8jsCLY70RdQuA&_nc_ss=72289&oh=00_AQGPvV12g0JTLISgPwQrFNjZEDI65nMw5ErK__TJO3UVTQ&oe=6A70866A | https://scontent.fwbw1-1.fna.fbcdn.net/v/t15.5256-10/760424063_1556524816183196_670219135248982263_n.jpg?stp=dst-jpg_tt6&cstp=mx1080x1920&ctp=s590x590&_nc_cat=109&ccb=1-7&_nc_sid=117846&_nc_ohc=3-3chQdwWJYQ7kNvwG7WzUq&_nc_oc=AdouMLY9ONU_mu0DufUmTWA3nKopvrCdhWhuiAFMj6-1N-1_sQohK6k0I0HMICuDZ44&_nc_zt=23&_nc_ht=scontent.fwbw1-1.fna&_nc_gid=7qb8X1vKB8jsCLY70RdQuA&_nc_ss=72289&oh=00_AQG-jHJCz_j8OQwmaxgHrzKVhTAWSHFAVees28g2xrvthQ&oe=6A708D83,https://web.facebook.com/groups/4703268329726449
Bawang Goreng Nusantara,27428368150123144,2026-07-29T13:18:31.000Z,Khalim Bagor Kalim,61579274820118,https://www.facebook.com/61579274820118,Sek angett,,,2,0,0,True,https://www.facebook.com/groups/4703268329726449/permalink/27428368150123144/,https://scontent.fwbw1-1.fna.fbcdn.net/v/t15.5256-10/756768054_1331631762455198_4520247276238592098_n.jpg?stp=dst-jpg_tt6&cstp=mx1080x1920&ctp=s960x960&_nc_cat=109&ccb=1-7&_nc_sid=117846&_nc_ohc=G6ne6XYcJkYQ7kNvwEiW91u&_nc_oc=Adqmnfk9tASMiqWWHgF9HNSoiAdOmvPOOLNBD0ePzpGfWipX85sdmhLW-W0I7Idc3ZE&_nc_zt=23&_nc_ht=scontent.fwbw1-1.fna&_nc_gid=7qb8X1vKB8jsCLY70RdQuA&_nc_ss=72289&oh=00_AQEAwRX4KB-0yp1bdisRcFxCvQDEwkDehOoB2aTCbnYirw&oe=6A707121,https://web.facebook.com/groups/4703268329726449
Bawang Goreng Nusantara,27428077733485519,2026-07-29T12:46:29.000Z,Produsen Wajan,100005492205365,https://www.facebook.com/100005492205365,"Wajan anti bocor siap tampung untuk masak kapasitas 50 kg bisa untuk bawang goreng keripik krupuk snack gula dodol dll
Minat inbox saja 089528379069
#produsenwajanindustri
#wajanbandung",May be an image of water heater,,0,0,0,False,https://www.facebook.com/groups/4703268329726449/permalink/27428077733485519/,https://www.facebook.com/produsenwajanindustri/posts/pfbid05uKX9wQ6xvDQeDqsfVLsaSegj7wopu5ezQgjsPbWxcXFG36e438WHAX9NN5GG4Q2l | https://scontent.fabe1-1.fna.fbcdn.net/v/t39.99422-6/758964486_1593179918537842_3781531420573078922_n.png?stp=dst-jpg_tt6&cstp=mx896x1195&ctp=s590x590&_nc_cat=104&ccb=1-7&_nc_sid=833d8c&_nc_ohc=XwSrM-kektsQ7kNvwEDaJc0&_nc_oc=AdrMMlZNkfdVyVKTzVrsrd9CneG6G5iswxPiPBFPx-8gz4cA12XpV8exHdthEp130MM&_nc_zt=14&_nc_ht=scontent.fabe1-1.fna&_nc_gid=7qb8X1vKB8jsCLY70RdQuA&_nc_ss=72289&oh=00_AQGh69wWj8sVWg4MbY6lDwZWXD9pcR3plUdKulkQLSlCpw&oe=6A708C36 | https://scontent.fabe1-1.fna.fbcdn.net/v/t39.99422-6/758809156_1389338489713074_2922608380284887138_n.png?stp=dst-jpg_tt6&cstp=mx896x1195&ctp=s590x590&_nc_cat=108&ccb=1-7&_nc_sid=833d8c&_nc_ohc=d6BrlmFwJQ4Q7kNvwExq4MW&_nc_oc=Ado277L55OSq4IP5oPsFdZoVCQ3oyTg2iIHwokQQmfw4fdI774a8kQlk8X-5W0pOzjw&_nc_zt=14&_nc_ht=scontent.fabe1-1.fna&_nc_gid=7qb8X1vKB8jsCLY70RdQuA&_nc_ss=72289&oh=00_AQF3JSrw_8vTAB6P0HeE4yNlSPl_trO0zsAt3RfDn31GQA&oe=6A706828,https://web.facebook.com/groups/4703268329726449
Bawang Goreng Nusantara,27427915853501707,2026-07-29T12:28:52.000Z,Setya Setya,100045929470971,https://www.facebook.com/100045929470971,Ready bawang merah dan putih goreng lokasi semarang 081337692311,,,1,2,0,True,https://www.facebook.com/groups/4703268329726449/permalink/27427915853501707/,https://www.facebook.com/media/set/?set=pcb.27427915853501707&type=1 | https://scontent-ord5-1.xx.fbcdn.net/v/t15.5256-10/759400019_1027160170083201_7564962285148268714_n.jpg?stp=dst-jpg_tt6&cstp=mx1080x1920&ctp=s590x590&_nc_cat=111&ccb=1-7&_nc_sid=117846&_nc_ohc=vfMBBiUwbHoQ7kNvwFOsa54&_nc_oc=AdqeBVLULvnH2PECt_sAkY3uUrTdme7uv5fxuuzr0YIjd_N77AEXcTM8S-O6zV2gozVfBV_EGOR61h37cM_7lT-M&_nc_zt=23&_nc_ht=scontent-ord5-1.xx&_nc_gid=CW7UWFZ2nYjW6Cp_QJ8GjQ&_nc_ss=72289&oh=00_AQFz0aG40gsNR7FgBFJGFHcnt4UOea_wn3Qsmy3QxEFz8g&oe=6A70802E | https://scontent-ord5-1.xx.fbcdn.net/v/t15.5256-10/759383951_991955487154042_1685093270832753856_n.jpg?stp=dst-jpg_tt6&cstp=mx1080x1920&ctp=s590x590&_nc_cat=107&ccb=1-7&_nc_sid=117846&_nc_ohc=PIH3NGdaCfIQ7kNvwEwSPbP&_nc_oc=AdpWZIo0SToN8QVxAODXoUMLGTnvaeQ5hGB-50giLsKeVtbr4J_LGfbDc-gCs6YxIpVbYJkLl4LYCiZxPO9MIHMF&_nc_zt=23&_nc_ht=scontent-ord5-1.xx&_nc_gid=CW7UWFZ2nYjW6Cp_QJ8GjQ&_nc_ss=72289&oh=00_AQHwByLA5n2fEV6twrPvX9Ym9IbfXslV7ra-dgEYOyIkSw&oe=6A708C2F,https://web.facebook.com/groups/4703268329726449
Bawang Goreng Nusantara,27427690856857540,2026-07-29T12:04:25.000Z,Jamal Jadul,100042832321420,https://www.facebook.com/100042832321420,bawang goreng tanpa campuran umbi murmer. no 083872282136,,,2,3,0,False,https://www.facebook.com/groups/4703268329726449/permalink/27427690856857540/,https://www.facebook.com/mnasir.muhadi/posts/pfbid0La4qCinSy2QrASgtPagqnEGdrdLjWMRDRT6jtqTjn19vDcwRxQxTTwD7ZeVj7Vedl | https://scontent-ord5-1.xx.fbcdn.net/v/t39.30808-6/673530710_1713934496710945_5057954871793487337_n.jpg?stp=dst-jpg_tt6&cstp=mx991x1762&ctp=s590x590&_nc_cat=105&ccb=1-7&_nc_sid=833d8c&_nc_ohc=Nn4LDbL0VMMQ7kNvwFLzFrI&_nc_oc=Adq7zBCwVbFOyfKTvor7B_cwvpULXxiAXakFijhKW1Wsw4OPM4b3fyg3GFRhgfr0CJLkIiZIjcooEqDP8hQWVdq-&_nc_zt=23&_nc_ht=scontent-ord5-1.xx&_nc_gid=CW7UWFZ2nYjW6Cp_QJ8GjQ&_nc_ss=72289&oh=00_AQHEmkFbTsJc1kcgXqB5VY4fna1JXXF0SlkOEfqafRzf1g&oe=6A709A70 | https://scontent-ord5-1.xx.fbcdn.net/v/t39.30808-6/674586524_1713938063377255_3929651136452313538_n.jpg?stp=dst-jpg_tt6&cstp=mx1033x1920&ctp=s590x590&_nc_cat=108&ccb=1-7&_nc_sid=833d8c&_nc_ohc=PmKjXsVk2z8Q7kNvwEx-qGM&_nc_oc=Ado3lJaZF0_QLUFWhpQxwJarnar2PjcnptSVBf3Db8BAAy4wqA-pDqBAyy_g--bWGvmtkKFHP7hlxetMVF1mG3qF&_nc_zt=23&_nc_ht=scontent-ord5-1.xx&_nc_gid=CW7UWFZ2nYjW6Cp_QJ8GjQ&_nc_ss=72289&oh=00_AQFJs3cwIPeBBDPFYMCR1esPvwe50h0ZugbivZUsut9QKg&oe=6A708DFC | https://scontent-ord5-1.xx.fbcdn.net/v/t39.30808-6/672626979_1713938050043923_1670276136820572080_n.jpg?stp=dst-jpg_tt6&cstp=mx1080x1908&ctp=s590x590&_nc_cat=106&ccb=1-7&_nc_sid=833d8c&_nc_ohc=ICexkwvtpzMQ7kNvwGGO0nL&_nc_oc=Adoq2ty9n5fv1Gh9FdxhwGunTEt1lETK7HyKPguhiS9ytyEeM_7dzF_YflqpVT3xuYuKJRYTU9qgYwCOo2arvE6B&_nc_zt=23&_nc_ht=scontent-ord5-1.xx&_nc_gid=CW7UWFZ2nYjW6Cp_QJ8GjQ&_nc_ss=72289&oh=00_AQEps5PLyju5PPjZ4H21kRB17xaI5ELVJf5rHiACAPENiA&oe=6A70877C | https://scontent-ord5-1.xx.fbcdn.net/v/t39.30808-6/675168481_1713938023377259_8275837443067374109_n.jpg?stp=dst-jpg_tt6&cstp=mx967x1272&ctp=s590x590&_nc_cat=111&ccb=1-7&_nc_sid=833d8c&_nc_ohc=IjAuYOl13uAQ7kNvwEyDyXP&_nc_oc=AdrrCkDvA7nFoLCv7ne9-5mQnF5Cc3Wj2rIZrC1Fn9nzo1vcAwtysim1l46WZxkEv7vIsWP2AH6QeHmxBqCYhEtk&_nc_zt=23&_nc_ht=scontent-ord5-1.xx&_nc_gid=CW7UWFZ2nYjW6Cp_QJ8GjQ&_nc_ss=72289&oh=00_AQEQYPtpS3YTRKGdw4Hfg5rEyMVS4D0Npql0_lz1Mhef5w&oe=6A70673B,https://web.facebook.com/groups/4703268329726449
Bawang Goreng Nusantara,27427331920226767,2026-07-29T11:23:53.000Z,Produsen Wajan Ngabret,100062443126349,https://www.facebook.com/100062443126349,Wajan terkuat d bumi baja corr,May be an image of text that says '80cm 80 cm CINGIRE',,2,0,2,False,https://www.facebook.com/groups/4703268329726449/permalink/27427331920226767/,https://scontent-ord5-3.xx.fbcdn.net/v/t39.30808-6/758542813_1368521291905962_8381286344799736436_n.jpg?stp=dst-jpg_tt6&cstp=mx1005x1318&ctp=p526x296&_nc_cat=100&ccb=1-7&_nc_sid=aa7b47&_nc_ohc=5OtKEQQFrNQQ7kNvwHx73CU&_nc_oc=AdotK3mdTkWBmmrZZJQjFwJuc5mZMZIGKIbz7x4pSNNHvCi2ZJjHSk1WLkIETcX6McIZuiTA1bP_wlESjnJN1Z99&_nc_zt=23&_nc_ht=scontent-ord5-3.xx&_nc_gid=CW7UWFZ2nYjW6Cp_QJ8GjQ&_nc_ss=72289&oh=00_AQFZwobisQ-rbCDMCTupre73ajqhHyBjQQF-ukvpnezxkg&oe=6A706D4A,https://web.facebook.com/groups/4703268329726449
Jual Beli Bawang Goreng Indonesia (JUBAGORIN),2720132268388694,2026-07-29T10:21:14.000Z,Kaluku Bumi Sumatera,61571505271234,https://www.facebook.com/61571505271234,"Open PO ☎️ 082287931305
Lokasi alahan panjang solok sumatera barat",,,0,0,0,False,https://www.facebook.com/groups/404302279971716/permalink/2720132268388694/,https://scontent-hou1-1.xx.fbcdn.net/v/t15.5256-10/758617224_1507497834016664_3530905180345290837_n.jpg?stp=dst-jpg_tt6&cstp=mx720x1280&ctp=s960x960&_nc_cat=110&ccb=1-7&_nc_sid=5fad0e&_nc_ohc=BUGxQKQB-XsQ7kNvwF5hY_C&_nc_oc=AdpQ3bPTP-JK-468KV0ndEQ-sk570rVRGo2wq_Ox_w1QuUhzJ2RdQ18O29mSWHMtG5k&_nc_zt=23&_nc_ht=scontent-hou1-1.xx&_nc_gid=CBQKE_YYY-8ynPt8IYctgg&_nc_ss=72289&oh=00_AQF0j97M6BtJlYUfelJik5z84j3G1Ysuto2MH5lfSh0J1Q&oe=6A709CD6,https://web.facebook.com/groups/404302279971716
Jual Beli Bawang Goreng Indonesia (JUBAGORIN),2720122735056314,2026-07-29T10:06:36.000Z,Hary Mas Wayan,100000147643240,https://www.facebook.com/100000147643240,"Monggo diorder Bosku 👍
Grede B Redy Setiap Hari 👍
Pengirimam Sesuai Antrian Bosku 🙏
085338857843 Bawang Goreng HR",,,0,0,0,False,https://www.facebook.com/groups/404302279971716/permalink/2720122735056314/,https://scontent-hou1-1.xx.fbcdn.net/v/t15.5256-10/755350470_1979827019336575_3493549716168522419_n.jpg?stp=dst-jpg_tt6&cstp=mx720x1280&ctp=s960x960&_nc_cat=109&ccb=1-7&_nc_sid=c44d43&_nc_ohc=Tmp57BJgW5cQ7kNvwEetqpn&_nc_oc=Adrnhp63uGCvyKsNnLoQA4lLYRYTo87wDEclHcOl3srk1w-kjgu4p9EI9WMmlWN_pbc&_nc_zt=23&_nc_ht=scontent-hou1-1.xx&_nc_gid=CBQKE_YYY-8ynPt8IYctgg&_nc_ss=72289&oh=00_AQHOXLR7tJRCLLoREAZiNxRtmHWVhV8NsBNYZELAvAVuXw&oe=6A708BC1,https://web.facebook.com/groups/404302279971716
Jual Beli Bawang Goreng Indonesia (JUBAGORIN),2720115418390379,2026-07-29T09:56:27.000Z,Hary Mas Wayan,100000147643240,https://www.facebook.com/100000147643240,"Monggo diorder Bosku 👍
Grede B Redy Setiap Hari 👍
Pengirimam Sesuai Antrian Bosku 🙏
085338857843 Bawang Goreng HR",,,0,0,0,True,https://www.facebook.com/groups/404302279971716/permalink/2720115418390379/,https://scontent-hou1-1.xx.fbcdn.net/v/t15.5256-10/756038736_1401379495172996_5211139804639119648_n.jpg?stp=dst-jpg_tt6&cstp=mx1080x1920&ctp=s960x960&_nc_cat=106&ccb=1-7&_nc_sid=117846&_nc_ohc=a6DSJR50MnMQ7kNvwEkrIFZ&_nc_oc=Ado7QZUycYr3m2FfNbPWz9VvcN_k3sqfMwYZBYiAG0myj9mhw9Y6J0ITVS8h0C3TI5o&_nc_zt=23&_nc_ht=scontent-hou1-1.xx&_nc_gid=CBQKE_YYY-8ynPt8IYctgg&_nc_ss=72289&oh=00_AQFVy6nE28FSl1b3w9J78II1BuvK235RkbYrjfrmctzMZA&oe=6A709787,https://web.facebook.com/groups/404302279971716
Jual Beli Bawang Goreng,2803486263357812,2026-07-29T15:32:58.000Z,Ratna Intan,61584298797716,https://www.facebook.com/61584298797716,"Brambang goreng readyy setiap hari
Harga murahh pollll, melayani ecer ,partai kecil dan partai besar

Ready Grade A , grade B , murnian

Siap kirim ke seluruh indonesia.. 

wa 085877380535",,,0,0,0,False,https://www.facebook.com/groups/1823856604654121/permalink/2803486263357812/,,https://web.facebook.com/groups/1823856604654121
Jual Beli Bawang Goreng,2803352163371222,2026-07-29T12:46:21.000Z,Produsen Wajan,100005492205365,https://www.facebook.com/100005492205365,"Wajan anti bocor siap tampung untuk masak kapasitas 50 kg bisa untuk bawang goreng keripik krupuk snack gula dodol dll
Minat inbox saja 089528379069
#produsenwajanindustri
#wajanbandung",May be an image of water heater,,0,0,0,False,https://www.facebook.com/groups/1823856604654121/permalink/2803352163371222/,https://www.facebook.com/produsenwajanindustri/posts/pfbid05uKX9wQ6xvDQeDqsfVLsaSegj7wopu5ezQgjsPbWxcXFG36e438WHAX9NN5GG4Q2l | https://scontent-den2-1.xx.fbcdn.net/v/t39.99422-6/758964486_1593179918537842_3781531420573078922_n.png?stp=dst-jpg_tt6&cstp=mx896x1195&ctp=s590x590&_nc_cat=104&ccb=1-7&_nc_sid=833d8c&_nc_ohc=XwSrM-kektsQ7kNvwE5xqxa&_nc_oc=AdrAUz6EDb0WiHa6LimkrFM-5mz8A0S4xnzpe9utAjh5wDfaklauKlnwvXEhDtT32IjP-rVExKoKAuWuoXuYrIaO&_nc_zt=14&_nc_ht=scontent-den2-1.xx&_nc_gid=s3Z21T7aB8vK-KkmVttUAw&_nc_ss=72289&oh=00_AQEJb_GzBDEZ4zgEZQv5wYZEetg5BhAR00xY0AOWYV9xTw&oe=6A708C36 | https://scontent-den2-1.xx.fbcdn.net/v/t39.99422-6/758809156_1389338489713074_2922608380284887138_n.png?stp=dst-jpg_tt6&cstp=mx896x1195&ctp=s590x590&_nc_cat=108&ccb=1-7&_nc_sid=833d8c&_nc_ohc=d6BrlmFwJQ4Q7kNvwHVgyei&_nc_oc=AdqpG-3sogCVZHHmlSIlutPuIlkXFuuPKZn83SgRsvjuejfv6fLJByZfuERA91ckc6pBxlHpKkb8QiEVqaYnfEWv&_nc_zt=14&_nc_ht=scontent-den2-1.xx&_nc_gid=s3Z21T7aB8vK-KkmVttUAw&_nc_ss=72289&oh=00_AQHy4_QkAb1NKfq-9HUpRulgpfy7ytg0CPn80uJd5zXgGA&oe=6A706828,https://web.facebook.com/groups/1823856604654121
Jual Beli Bawang Goreng,2803233186716453,2026-07-29T10:05:59.000Z,Hary Mas Wayan,100000147643240,https://www.facebook.com/100000147643240,"Monggo diorder Bosku 👍
Grede B Redy Setiap Hari 👍
Pengirimam Sesuai Antrian Bosku 🙏
085338857843 Bawang Goreng HR",,,0,0,0,False,https://www.facebook.com/groups/1823856604654121/permalink/2803233186716453/,https://scontent-den2-1.xx.fbcdn.net/v/t15.5256-10/755350470_1979827019336575_3493549716168522419_n.jpg?stp=dst-jpg_tt6&cstp=mx720x1280&ctp=s960x960&_nc_cat=109&ccb=1-7&_nc_sid=c44d43&_nc_ohc=Tmp57BJgW5cQ7kNvwHYJXSD&_nc_oc=AdrIHLT2xLdoVRuJHyevYHEDbgNEM89IUjEspymzRXIBDfWHR4g7TLYOgATxd_KysK8DfPw22tf5GtvuyR551nit&_nc_zt=23&_nc_ht=scontent-den2-1.xx&_nc_gid=s3Z21T7aB8vK-KkmVttUAw&_nc_ss=72289&oh=00_AQGc5Rwu8UkqIivRICrb8gEXAfm9sXncMdO6L0gDPo6gVw&oe=6A708BC1,https://web.facebook.com/groups/1823856604654121
Jual Beli Bawang Goreng Indonesia (JUBAGORIN),2718772611857993,2026-07-28T00:00:40.000Z,Hary Mas Wayan,100000147643240,https://www.facebook.com/100000147643240,"Monggo diorder Bosku 👍
Grede A & B Redy Setiap Hari 👍
Pengirimam Sesuai Antrian Bosku 🙏
085338857843 Bawang Goreng HR #fbro #sorotan Sorotan Asia Siaran Arena62 TV & Nobar62 TV Pengikutku Sorotan Esport @sorotan pengikut SEMUA ORANG Sorotan Pengikut Publik Sorotan Berita Viral Sorotan Berbagi Bintang Pengikut semua orang",,,0,0,0,True,https://www.facebook.com/groups/404302279971716/permalink/2718772611857993/,https://scontent-lga3-2.xx.fbcdn.net/v/t15.5256-10/759642392_1042641298255157_6205967942420778084_n.jpg?stp=dst-jpg_tt6&cstp=mx720x1280&ctp=s960x960&_nc_cat=105&ccb=1-7&_nc_sid=117846&_nc_ohc=a6yo74eWAEAQ7kNvwFHga75&_nc_oc=Adq8NOIQpiEGOA1UuC4yVusCFJzpV4K773gMyFUVN76OPfxA8piY9ZbWMLZoOFPSxUU&_nc_zt=23&_nc_ht=scontent-lga3-2.xx&_nc_gid=_z350ucFQMxzFNoS4Bqytw&_nc_ss=7c289&oh=00_AQHov9nl4_x2onK7fhpU2Wn-xwi--UrU69ILCJgq2Hcafg&oe=6A708D62,https://web.facebook.com/groups/404302279971716
Jual Beli Bawang Goreng Indonesia (JUBAGORIN),2718769718524949,2026-07-27T23:55:50.000Z,Hary Mas Wayan,100000147643240,https://www.facebook.com/100000147643240,"Monggo diorder Bosku 👍
Grede B Redy Setiap Hari 👍
Pengirimam Sesuai Antrian Bosku 🙏
085338857843 Bawang Goreng HR",,,0,0,0,True,https://www.facebook.com/groups/404302279971716/permalink/2718769718524949/,https://scontent-lga3-2.xx.fbcdn.net/v/t15.5256-10/758455872_1054349843815356_2117577950807182307_n.jpg?stp=dst-jpg_tt6&cstp=mx720x1280&ctp=s960x960&_nc_cat=101&ccb=1-7&_nc_sid=117846&_nc_ohc=KSV9VKKNjx0Q7kNvwFkZ0-C&_nc_oc=Adq0hBeaTzn8ZixEQlXVIq-JxZVPkFpgxr4kXU7KriioaSlGJ3PvgQ1LZuM6taQlCcc&_nc_zt=23&_nc_ht=scontent-lga3-2.xx&_nc_gid=_z350ucFQMxzFNoS4Bqytw&_nc_ss=7c289&oh=00_AQHDe4Uduqw7N8nqYHyBXrThxnOSyjV1B3lGl7Zj8w-f5w&oe=6A707231,https://web.facebook.com/groups/404302279971716
Jual Beli Bawang Goreng Indonesia (JUBAGORIN),2718445685224019,2026-07-27T15:24:45.000Z,Desi S,pfbid09mRGfp7dyrBB3ZfxjgUf3t3PrByVyPg28ows3ALErFHhKx9pTegLPa6oxVLq18Hql,https://www.facebook.com/pfbid09mRGfp7dyrBB3ZfxjgUf3t3PrByVyPg28ows3ALErFHhKx9pTegLPa6oxVLq18Hql,"Monggo bawang goreng🤗
Lokasi boyolali utara
Wa 0882006841844","May be an image of anchovies, sea moss and text that says 'Ready boss'",,1,0,0,False,https://www.facebook.com/groups/404302279971716/permalink/2718445685224019/,https://scontent-lga3-3.xx.fbcdn.net/v/t39.30808-6/758691079_1805842523919196_829495642210194672_n.jpg?stp=dst-jpg_tt6&cstp=mx1536x2048&ctp=p526x296&_nc_cat=108&ccb=1-7&_nc_sid=aa7b47&_nc_ohc=BdmGmiZMQa8Q7kNvwEaUtGi&_nc_oc=Adqgtoiy5FLDFtw7i8fOk3Uzf_DMYm7W2ccEtRH5FzV-W9mSj7hQLgUYjE4gXpUNd68&_nc_zt=23&_nc_ht=scontent-lga3-3.xx&_nc_gid=_z350ucFQMxzFNoS4Bqytw&_nc_ss=7c289&oh=00_AQHFvxuCwC35fnAAq0tfvTtDuzJnkoVGdxHOaN-P_V2RHA&oe=6A7085BD,https://web.facebook.com/groups/404302279971716
Jual Beli Bawang Goreng Indonesia (JUBAGORIN),2718102731924981,2026-07-27T07:17:31.000Z,Yoga Yogi,pfbid02fCUrPFqa4148edVYYjErHVkkujQfMeKmAu6JuFv6pHyXFiCYjVxJGVr4UsgyuBYvl,https://www.facebook.com/pfbid02fCUrPFqa4148edVYYjErHVkkujQfMeKmAu6JuFv6pHyXFiCYjVxJGVr4UsgyuBYvl,Lokasi bekasi jatiasih 085939698948 japri aja boz dijamin kualitasnya harga bisa bersaing,,,1,1,0,True,https://www.facebook.com/groups/404302279971716/permalink/2718102731924981/,https://www.facebook.com/media/set/?set=pcb.2718102731924981&type=1 | https://scontent-iad6-1.xx.fbcdn.net/v/t15.5256-10/758915078_1048504567574387_2724703738783683240_n.jpg?stp=dst-jpg_tt6&cstp=mx720x1280&ctp=s590x590&_nc_cat=111&ccb=1-7&_nc_sid=117846&_nc_ohc=5Mi-aTHcgqIQ7kNvwFfCU_M&_nc_oc=Adr-qPdefHLiDWC4MR9fiFs4Vf6B2sFG-bLKOzedsHncYXCvsZKtOL2OivFOaQxNJEBlip8D8vC_bvQ4PDMWuPEr&_nc_zt=23&_nc_ht=scontent-iad6-1.xx&_nc_gid=2Csp3Ec9V6bOvgg01WcIrQ&_nc_ss=72289&oh=00_AQETwS-xt6w-w5ChnRBbu3Dy7uC24Fy61v9KJwem0NQJFQ&oe=6A7098D9 | https://scontent-iad3-2.xx.fbcdn.net/v/t15.5256-10/756435227_1361898796050084_6089354869499115717_n.jpg?stp=dst-jpg_tt6&cstp=mx1080x1920&ctp=s590x590&_nc_cat=105&ccb=1-7&_nc_sid=117846&_nc_ohc=RuLX-xMdJoYQ7kNvwEkolgW&_nc_oc=AdoFQvaiEtxCccFBBG9zNnH3YRy0M9NHULz-5y5cg3yj892vjOrNEiEXaVslbXSdB_HBy-BJ1nEqXGTFMnM6Yv_o&_nc_zt=23&_nc_ht=scontent-iad3-2.xx&_nc_gid=2Csp3Ec9V6bOvgg01WcIrQ&_nc_ss=72289&oh=00_AQGAgQH5ET6FNa8f1vPUVjB0uNJTy-adL_YKL944xu6U_A&oe=6A7067E3,https://web.facebook.com/groups/404302279971716
Jual Beli Bawang Goreng Indonesia (JUBAGORIN),2717108805357707,2026-07-26T05:34:03.000Z,Produsen Wajan,100005492205365,https://www.facebook.com/100005492205365,"Alat masak besar bisa custom order 
Cek info 089528379069",May be an image of water heater,,0,0,0,False,https://www.facebook.com/groups/404302279971716/permalink/2717108805357707/,https://scontent-iad6-1.xx.fbcdn.net/v/t39.99422-6/754057984_1037450825465428_5786661571706586818_n.png?stp=dst-jpg_tt6&cstp=mx1600x900&ctp=s960x960&_nc_cat=106&ccb=1-7&_nc_sid=833d8c&_nc_ohc=lgFUZ5akg5YQ7kNvwFIKwKI&_nc_oc=AdqhDQZR9koSXJbYT3oD9ZbGvpFILDamxN9ZF6ANqm6osXKm-5D9FNonXSHgsRIuSGqzKom5URejf0nXFiePPOkp&_nc_zt=14&_nc_ht=scontent-iad6-1.xx&_nc_gid=2Csp3Ec9V6bOvgg01WcIrQ&_nc_ss=72289&oh=00_AQEbv1VLvZ_8KnN76IZzjOU9AsKrEVTy5n9NeC03e9Z7NQ&oe=6A7073A5,https://web.facebook.com/groups/404302279971716
Jual Beli Bawang Goreng Indonesia (JUBAGORIN),2717108765357711,2026-07-26T05:33:56.000Z,Produsen Wajan,100005492205365,https://www.facebook.com/100005492205365,"Alat masak besar bisa custom order 
Cek info 089528379069",May be an image of water heater,,0,0,0,False,https://www.facebook.com/groups/404302279971716/permalink/2717108765357711/,https://scontent-iad6-1.xx.fbcdn.net/v/t39.99422-6/754057984_1037450825465428_5786661571706586818_n.png?stp=dst-jpg_tt6&cstp=mx1600x900&ctp=s960x960&_nc_cat=106&ccb=1-7&_nc_sid=833d8c&_nc_ohc=lgFUZ5akg5YQ7kNvwFIKwKI&_nc_oc=AdqhDQZR9koSXJbYT3oD9ZbGvpFILDamxN9ZF6ANqm6osXKm-5D9FNonXSHgsRIuSGqzKom5URejf0nXFiePPOkp&_nc_zt=14&_nc_ht=scontent-iad6-1.xx&_nc_gid=2Csp3Ec9V6bOvgg01WcIrQ&_nc_ss=72289&oh=00_AQEbv1VLvZ_8KnN76IZzjOU9AsKrEVTy5n9NeC03e9Z7NQ&oe=6A7073A5,https://web.facebook.com/groups/404302279971716
Bawang Goreng Nusantara,27426796583613634,2026-07-29T10:20:57.000Z,Kaluku Bumi Sumatera,61571505271234,https://www.facebook.com/61571505271234,"Open PO ☎️ 082287931305
Lokasi alahan panjang solok sumatera barat",,,0,0,0,False,https://www.facebook.com/groups/4703268329726449/permalink/27426796583613634/,https://scontent-dfw6-2.xx.fbcdn.net/v/t15.5256-10/758617224_1507497834016664_3530905180345290837_n.jpg?stp=dst-jpg_tt6&cstp=mx720x1280&ctp=s960x960&_nc_cat=110&ccb=1-7&_nc_sid=5fad0e&_nc_ohc=BUGxQKQB-XsQ7kNvwGV4Nzd&_nc_oc=AdrTm5crPy_aiFPfN7irf2jegbaBPZYQpbHa2c_EKWaiXmFJQFbNhdi9QCJYfTXdRs-2IChzzqByD417q6Ev_2nu&_nc_zt=23&_nc_ht=scontent-dfw6-2.xx&_nc_gid=3xWZwIXjG3BTCcB6E3_OSg&_nc_ss=72289&oh=00_AQGzFfDfanpPmKykGvKTf-ph4BXkGzXTL6s-emPphGq0Bw&oe=6A709CD6,https://web.facebook.com/groups/4703268329726449
Bawang Goreng Nusantara,27426599606966665,2026-07-29T09:55:57.000Z,Hary Mas Wayan,100000147643240,https://www.facebook.com/100000147643240,"Monggo diorder Bosku 👍
Grede B Redy Setiap Hari 👍
Pengirimam Sesuai Antrian Bosku 🙏
085338857843 Bawang Goreng HR",,,0,0,0,True,https://www.facebook.com/groups/4703268329726449/permalink/27426599606966665/,https://scontent-dfw5-1.xx.fbcdn.net/v/t15.5256-10/756038736_1401379495172996_5211139804639119648_n.jpg?stp=dst-jpg_tt6&cstp=mx1080x1920&ctp=s960x960&_nc_cat=106&ccb=1-7&_nc_sid=117846&_nc_ohc=a6DSJR50MnMQ7kNvwHGYOlg&_nc_oc=AdrwfZ-wfMU-ZJEBI69Tzoli4ZQ0kALPG2BsCt6_OXKJ9kAkE0SvrhS5NcAXHEcKmxSdkOESDjw_Fs-D8uAskWTc&_nc_zt=23&_nc_ht=scontent-dfw5-1.xx&_nc_gid=3xWZwIXjG3BTCcB6E3_OSg&_nc_ss=72289&oh=00_AQEi-YKAXw0Q0gC9LF4XYlapJPLUhKGtWo4ToqcjSh4wIQ&oe=6A709787,https://web.facebook.com/groups/4703268329726449
Bawang Goreng Nusantara,27426586143634678,2026-07-29T09:54:17.000Z,Hary Mas Wayan,100000147643240,https://www.facebook.com/100000147643240,"Monggo diorder Bosku 👍
Grede B Redy Setiap Hari 👍
Pengirimam Sesuai Antrian Bosku 🙏
085338857843 Bawang Goreng HR",,,0,0,0,True,https://www.facebook.com/groups/4703268329726449/permalink/27426586143634678/,https://www.facebook.com/media/set/?set=pcb.27426586143634678&type=1 | https://scontent-dfw6-2.xx.fbcdn.net/v/t39.30808-6/757480372_28766736552914550_1816553827998610503_n.jpg?stp=dst-jpg_tt6&cstp=mx1536x2048&ctp=s590x590&_nc_cat=108&ccb=1-7&_nc_sid=aa7b47&_nc_ohc=WMTRXPOWkAgQ7kNvwFMMgjl&_nc_oc=AdrjEYrjCpDX0ieApfAnfBXHN1EJdeBGnXzWx00RLEa5S7qrEtfc1Q3hY_1Ofx6RnCGfIXYUcmx9-4HqTvPvIIFc&_nc_zt=23&_nc_ht=scontent-dfw6-2.xx&_nc_gid=3xWZwIXjG3BTCcB6E3_OSg&_nc_ss=72289&oh=00_AQHQ6nIryEaHwB3n8nDF6hkIFKxT0d4J7rP9dGUQK1dHBg&oe=6A706A30 | https://scontent-dfw6-1.xx.fbcdn.net/v/t15.5256-10/758499541_931050503357557_8630434822027679342_n.jpg?stp=dst-jpg_tt6&cstp=mx720x1280&ctp=s590x590&_nc_cat=103&ccb=1-7&_nc_sid=117846&_nc_ohc=lfqbmxmKPYkQ7kNvwHJJ_gV&_nc_oc=AdqeC4VQM3AncONFDi7iinRSzBeeI9RCndCDmWVx_sJdRjbxwX-UiNdwpFUlMgPyOGmvH5VxLF3JG8S7_UT4PGAS&_nc_zt=23&_nc_ht=scontent-dfw6-1.xx&_nc_gid=3xWZwIXjG3BTCcB6E3_OSg&_nc_ss=72289&oh=00_AQFhSvixBe13iPqioTwXZ9A8Lxe_4aJ9DhOHrMD8G20pTA&oe=6A707B4E,https://web.facebook.com/groups/4703268329726449
Jual Beli Bawang Goreng,2803231670049938,2026-07-29T10:04:01.000Z,Hary Mas Wayan,100000147643240,https://www.facebook.com/100000147643240,"Bawang Goreng HR Slalu Redy 👍🏻
Lok Sragen Kidol cek harga 085338857843 👍🏻",,,0,0,0,False,https://www.facebook.com/groups/1823856604654121/permalink/2803231670049938/,https://scontent-lax7-1.xx.fbcdn.net/v/t15.5256-10/759642392_1042641298255157_6205967942420778084_n.jpg?stp=dst-jpg_tt6&cstp=mx720x1280&ctp=s960x960&_nc_cat=105&ccb=1-7&_nc_sid=5fad0e&_nc_ohc=a6yo74eWAEAQ7kNvwF9eue6&_nc_oc=AdpEN4q6BwQtXKFjEjvRyJ-bbR1qJTnoIzs9F-k_s55Pf-bwUkUZyosvIvrB5GeUeFKq2Atcf7cl-rPtnbuQmAeC&_nc_zt=23&_nc_ht=scontent-lax7-1.xx&_nc_gid=q8cKWEJeF47YAHNr-vM0cQ&_nc_ss=72289&oh=00_AQE5bQh_aY9ARicBlyOVpMfAXdrE-V0D4HK6AILmfS6blw&oe=6A708D62,https://web.facebook.com/groups/1823856604654121
Jual Beli Bawang Goreng,2803226323383806,2026-07-29T09:57:02.000Z,Hary Mas Wayan,100000147643240,https://www.facebook.com/100000147643240,"Monggo diorder Bosku 👍
Grede B Redy Setiap Hari 👍
Pengirimam Sesuai Antrian Bosku 🙏
085338857843 Bawang Goreng HR",,,0,0,0,True,https://www.facebook.com/groups/1823856604654121/permalink/2803226323383806/,https://scontent-lax3-2.xx.fbcdn.net/v/t15.5256-10/756038736_1401379495172996_5211139804639119648_n.jpg?stp=dst-jpg_tt6&cstp=mx1080x1920&ctp=s960x960&_nc_cat=106&ccb=1-7&_nc_sid=117846&_nc_ohc=a6DSJR50MnMQ7kNvwFCADqk&_nc_oc=AdqoFbh4W7CEpd7lP-qIgP-N763KnnKY_OJKKmF8YIbH7W7LB_6TCo5ILtr2Jkv4PQ8tNYhBkjYgoLarUS9boIuN&_nc_zt=23&_nc_ht=scontent-lax3-2.xx&_nc_gid=q8cKWEJeF47YAHNr-vM0cQ&_nc_ss=72289&oh=00_AQFK0cMe81Lu5g379QafABRyOy3LNOX9E3xEJqc0oplnPg&oe=6A709787,https://web.facebook.com/groups/1823856604654121
Jual Beli Bawang Goreng,2803224986717273,2026-07-29T09:55:05.000Z,Hary Mas Wayan,100000147643240,https://www.facebook.com/100000147643240,"Monggo diorder Bosku 👍
Grede B Redy Setiap Hari 👍
Pengirimam Sesuai Antrian Bosku 🙏
085338857843 Bawang Goreng HR",,,0,0,0,True,https://www.facebook.com/groups/1823856604654121/permalink/2803224986717273/,https://www.facebook.com/media/set/?set=pcb.2803224986717273&type=1 | https://scontent-lax3-2.xx.fbcdn.net/v/t39.30808-6/757480372_28766736552914550_1816553827998610503_n.jpg?stp=dst-jpg_tt6&cstp=mx1536x2048&ctp=s590x590&_nc_cat=108&ccb=1-7&_nc_sid=aa7b47&_nc_ohc=WMTRXPOWkAgQ7kNvwEDft-r&_nc_oc=Adq-MxmbxFC3toUPv5x0l9KR9Pdwyn32KoR1sXBV02zM_AF-5-pvZrNH4gSUUVth6AtmUBEnbzWKq9TwdA24F4_6&_nc_zt=23&_nc_ht=scontent-lax3-2.xx&_nc_gid=q8cKWEJeF47YAHNr-vM0cQ&_nc_ss=72289&oh=00_AQENGr_idydC8hZ_JRU9vguBTZOz6W0_mcINehdapTYt0w&oe=6A706A30 | https://scontent-lax3-2.xx.fbcdn.net/v/t15.5256-10/758499541_931050503357557_8630434822027679342_n.jpg?stp=dst-jpg_tt6&cstp=mx720x1280&ctp=s590x590&_nc_cat=103&ccb=1-7&_nc_sid=117846&_nc_ohc=lfqbmxmKPYkQ7kNvwFTHw0M&_nc_oc=Adp4fflZyuixqMcwnOgE7-ag9t6hYVyALZW3C3ksSnLC7WmUaPzt2rO_hAlaOpcvipQE5VhS0ZmUuyHBLDtYfHJI&_nc_zt=23&_nc_ht=scontent-lax3-2.xx&_nc_gid=q8cKWEJeF47YAHNr-vM0cQ&_nc_ss=72289&oh=00_AQHk9BPNncLqFDueS6TbTpQkO7-8kO110AMIOX2KmVmhhQ&oe=6A707B4E,https://web.facebook.com/groups/1823856604654121
Jual Beli Bawang Goreng Indonesia (JUBAGORIN),2717075735361014,2026-07-26T04:38:35.000Z,Putra Bungsu,pfbid0ZiF6MuSUDS7BM8HmVxRHm6V84x6KCZkdz3vFbgyXFC3mhwDseK3JevknZrWNoW7sl,https://www.facebook.com/pfbid0ZiF6MuSUDS7BM8HmVxRHm6V84x6KCZkdz3vFbgyXFC3mhwDseK3JevknZrWNoW7sl,Baput honan/sinco panen baru redy harga 20.000/kg minimal pengambilan 1 ton WA 085181257794,"May be an image of food, longan, puffball mushroom and text that says 'DURATRON DURATRON senges 20.35'",,0,0,0,False,https://www.facebook.com/groups/404302279971716/permalink/2717075735361014/,https://www.facebook.com/media/set/?set=pcb.2717075735361014&type=1 | https://scontent-sea5-1.xx.fbcdn.net/v/t39.30808-6/754849914_122098273017409358_873240202976826393_n.jpg?stp=dst-jpg_tt6&cstp=mx480x772&ctp=s590x590&_nc_cat=102&ccb=1-7&_nc_sid=aa7b47&_nc_ohc=KyteF2PTQK8Q7kNvwEW5V6H&_nc_oc=AdrCEFOjEf8r0_c9H_oX3Y2aPTj4SLYFd0qy5VTrSxnkuY3LRk-EgmvfMEf5ClGjF1M&_nc_zt=23&_nc_ht=scontent-sea5-1.xx&_nc_gid=pc2iJWdFFVEYnf1Qgs4f5g&_nc_ss=72289&oh=00_AQG_pxTZcj_9hrbpi2q5pAYlnqFsdkzLEBLhYxZgnOXjzg&oe=6A707660 | https://scontent-sea5-1.xx.fbcdn.net/v/t39.30808-6/755870593_122098273041409358_5322701182943446935_n.jpg?stp=dst-jpg_tt6&cstp=mx604x1156&ctp=s590x590&_nc_cat=109&ccb=1-7&_nc_sid=aa7b47&_nc_ohc=KN7_Ut5iBpwQ7kNvwGPfmuD&_nc_oc=AdqjNxvkSIvUty4bIZ6FBvgQjHvFKoyaC9sA5WJiD6yNxQHOXTq-vijp-6DtWT0JR8o&_nc_zt=23&_nc_ht=scontent-sea5-1.xx&_nc_gid=pc2iJWdFFVEYnf1Qgs4f5g&_nc_ss=72289&oh=00_AQH7zEJuAGXL_RvIi-6JsdJDexzRG1oYJqNeuvgqMFnOTg&oe=6A7090E2,https://web.facebook.com/groups/404302279971716
Jual Beli Bawang Goreng Indonesia (JUBAGORIN),2716417972093457,2026-07-25T11:07:52.000Z,Ober Hasibuan,pfbid02PkdXEmkJdsiQ5WZpy5aLFBHkdwG111XQGRRfedcWpJMsuiywYLmAQBirB3ThBqe6l,https://www.facebook.com/pfbid02PkdXEmkJdsiQ5WZpy5aLFBHkdwG111XQGRRfedcWpJMsuiywYLmAQBirB3ThBqe6l,"Saatnya belanja bawang dari rumah❗️❗️
Bawangmerahkupas.com hadir membantu usaha ketring, restoran, kafe dan usaha lainnya yang berkaitan dengan bawang merah. Kita menyediakan bawang merah segar dan berkualitas",May be an image of longan and text,,0,0,0,False,https://www.facebook.com/groups/404302279971716/permalink/2716417972093457/,https://scontent-sea5-1.xx.fbcdn.net/v/t39.30808-6/756340534_27849977371355966_7636085829807914116_n.jpg?stp=dst-jpg_tt6&cstp=mx1024x1536&ctp=p526x296&_nc_cat=110&ccb=1-7&_nc_sid=aa7b47&_nc_ohc=aKgqj39Fg90Q7kNvwEorhe9&_nc_oc=AdrWg0Se76vd7ferAB6AL826wbc4yD-18J9LfLcxcSRzJf9YVYXEk_bwwbxV6OnZKAA&_nc_zt=23&_nc_ht=scontent-sea5-1.xx&_nc_gid=pc2iJWdFFVEYnf1Qgs4f5g&_nc_ss=72289&oh=00_AQEUB2EVkGs-54eCc2zNntslRsKGx7hC7m-ym27Ayrcemg&oe=6A7073DA,https://web.facebook.com/groups/404302279971716
Jual Beli Bawang Goreng Indonesia (JUBAGORIN),2716027132132541,2026-07-25T00:20:34.000Z,3supplayoriginal,100085211583185,https://www.facebook.com/100085211583185,"Garingi garing bos 
Yu merapat 
Bawang Padang 
Sisa 1 karung lagi 
Yu yang mau cepet merapat ya
081118128360",,,0,0,0,False,https://www.facebook.com/groups/404302279971716/permalink/2716027132132541/,https://scontent-sea5-1.xx.fbcdn.net/v/t39.30808-6/756441314_1012160214967689_565100447652793316_n.jpg?stp=dst-jpg_tt6&cstp=mx1080x1440&ctp=p526x296&_nc_cat=107&ccb=1-7&_nc_sid=833d8c&_nc_ohc=xFS9IPBBNDcQ7kNvwEvJYxO&_nc_oc=AdoTrm0GdhoLJ9LLZcYIfQdZ3suQktAgSErKdvYCYn7BFSGAEtX9XV0thkW-VO93sQk&_nc_zt=23&_nc_ht=scontent-sea5-1.xx&_nc_gid=pc2iJWdFFVEYnf1Qgs4f5g&_nc_ss=72289&oh=00_AQHQg1DIbzripQTOHpoG2bYg2JYMVqQAX5cz6I-DNkqGLA&oe=6A709E4F,https://web.facebook.com/groups/404302279971716
Bawang Goreng Nusantara,27425424593750833,2026-07-29T07:22:02.000Z,Barata Ibrahim Ali,100090753252515,https://www.facebook.com/100090753252515,Yg butuh remahan ready stok banyak,,,1,4,0,True,https://www.facebook.com/groups/4703268329726449/permalink/27425424593750833/,https://scontent-atl3-2.xx.fbcdn.net/v/t15.5256-10/760366197_1374045331579577_6952717444217944603_n.jpg?stp=dst-jpg_tt6&cstp=mx1080x1920&ctp=s960x960&_nc_cat=105&ccb=1-7&_nc_sid=117846&_nc_ohc=-e6utD8e62AQ7kNvwFciYcw&_nc_oc=AdownkoNwtjIAkVyX2q9PrrVaOt8gJ9J2Fh_nX1HutwnN276ybyazxRkflZVYjE0Am_AwZzHAqVh03tc6dniarZK&_nc_zt=23&_nc_ht=scontent-atl3-2.xx&_nc_gid=SLdTGM6IvUEiEgOAzBUcBQ&_nc_ss=72289&oh=00_AQGtIbe8vj1jd5X33rW7ymAUzn7nK7Ceq4ZrX9VE5ZwFzw&oe=6A7081BE,https://web.facebook.com/groups/4703268329726449
Bawang Goreng Nusantara,27423833777243248,2026-07-29T03:50:05.000Z,Vanz Wajan,pfbid0StaLTe2zjUMuhxrg67NjfZaCT8SdH2nHJqVjhfGW4EfofiGS8wbhY22FcnXTV4del,https://www.facebook.com/pfbid0StaLTe2zjUMuhxrg67NjfZaCT8SdH2nHJqVjhfGW4EfofiGS8wbhY22FcnXTV4del,"Bismillāh admin izin Mencari rizkinya
KUALI WAJAN BESAR untuk PRODUKSI
KERUPUK, KERIPIK, SUKRO, SNACK DLL
083820152388

Material Plat Besi / Stainless 
Diameter 70 cm
Diameter 80 cm
Diameter 90 cm
Diameter 100 cm
Diameter 110 cm
Diameter 115 cm
Diameter 120 cm

Kegunaan
- Penggorengan Krupuk 
- Penggorengan Kripik
- Penggorengan Snack
- Penggorengan Sukro
- Penggorengan serbaguna
Semua Orang 
Sorotan Rakyat083820152388",May be an image of foundry,,0,0,0,False,https://www.facebook.com/groups/4703268329726449/permalink/27423833777243248/,https://www.facebook.com/vanz.wajan/posts/pfbid0YN3qi2gwLzbXvF7GN4ji78HtnCPgfxoBEqN3Yz7gAgDABRkwRNZZuoFsTL3i8RhJl | https://scontent-atl3-3.xx.fbcdn.net/v/t39.30808-6/752924723_122271153254163582_1408183546574311036_n.jpg?stp=dst-jpg_tt6&cstp=mx1536x2048&ctp=s590x590&_nc_cat=111&ccb=1-7&_nc_sid=833d8c&_nc_ohc=jKvOkLF6qqgQ7kNvwG0zZ1E&_nc_oc=Adq19_BhjDXbRmmCUxMaQcP1RB2YTPCb5EKeAeM5620WDe6l65dr-xGh1rCoGsqAQ3ZFlRurGLnei9NcLnN37LkF&_nc_zt=23&_nc_ht=scontent-atl3-3.xx&_nc_gid=SLdTGM6IvUEiEgOAzBUcBQ&_nc_ss=72289&oh=00_AQE_lEYVWl3aXexzavq0aoDhRr-fFXnyrBjzpUtkuQtHpw&oe=6A708FD9 | https://scontent-atl3-3.xx.fbcdn.net/v/t39.30808-6/751041624_122271153296163582_7517651742192648120_n.jpg?stp=dst-jpg_tt6&cstp=mx1536x2048&ctp=s590x590&_nc_cat=109&ccb=1-7&_nc_sid=833d8c&_nc_ohc=V4EXiWcam28Q7kNvwEGdsWu&_nc_oc=AdpKLYukRUStcR6jIOqe2GP63lbwsWTvtCrskEH4xn86npgfKghmX7u5MDJUqFhlJjBO0A2UoN3uUDMw6rn0NPBC&_nc_zt=23&_nc_ht=scontent-atl3-3.xx&_nc_gid=SLdTGM6IvUEiEgOAzBUcBQ&_nc_ss=72289&oh=00_AQF0Bilb5xr5RtixJM0XyUe0VFUEAHqHRlGFzYh9WQTEtQ&oe=6A7090C7 | https://scontent-atl3-3.xx.fbcdn.net/v/t39.30808-6/751321367_122271153344163582_9081797096751315041_n.jpg?stp=dst-jpg_tt6&cstp=mx1536x2048&ctp=s590x590&_nc_cat=110&ccb=1-7&_nc_sid=833d8c&_nc_ohc=mZEUh8dk0WgQ7kNvwEdYH5B&_nc_oc=AdqOFdwPh0rLuqZX0pCqVAEA1sTzZpFsCm6uEqOVc9nS-ST7QpopChSy9vgZDD1s49XaTU4LyMhrvTT_7frnKaAQ&_nc_zt=23&_nc_ht=scontent-atl3-3.xx&_nc_gid=SLdTGM6IvUEiEgOAzBUcBQ&_nc_ss=72289&oh=00_AQGcOaJ5dxgfruYTT6D7TefEu7YI1IAorJYkZt1t2o2CrQ&oe=6A707C65 | https://scontent-atl3-2.xx.fbcdn.net/v/t39.30808-6/752893624_122271153392163582_3144638062852497190_n.jpg?stp=dst-jpg_tt6&cstp=mx1536x2048&ctp=s590x590&_nc_cat=102&ccb=1-7&_nc_sid=833d8c&_nc_ohc=vtQpYSZruoAQ7kNvwFr1IdI&_nc_oc=AdogoEUaMTtQ0FtQp8OiEBdtKkhRTvnekUm2H4cHMYIE6kAfMmEjPAgHV3vu9F1tdCwba2M1T77FY8FWcczKBEhV&_nc_zt=23&_nc_ht=scontent-atl3-2.xx&_nc_gid=SLdTGM6IvUEiEgOAzBUcBQ&_nc_ss=72289&oh=00_AQEGbooLr8JFrXefo0fwjLBpNYYxfYsGDFfkXHCDROoqBA&oe=6A70765F | https://scontent-atl3-1.xx.fbcdn.net/v/t39.30808-6/750976056_122271153452163582_700964493413027789_n.jpg?stp=dst-jpg_tt6&cstp=mx1536x2048&ctp=s590x590&_nc_cat=103&ccb=1-7&_nc_sid=833d8c&_nc_ohc=FvxwMmyKSIgQ7kNvwGF_EIK&_nc_oc=AdqDPjtRBQU2rFLMADyTflskkMFGIkHpPyDVdYrdfwzLYIUBK6g81qvLyY7IUrY1ziOY4crLw2K38eYiKrszATTP&_nc_zt=23&_nc_ht=scontent-atl3-1.xx&_nc_gid=SLdTGM6IvUEiEgOAzBUcBQ&_nc_ss=72289&oh=00_AQHYhQmMSBwVqn3qY_lFtrT_vce1vClrkNbTidPCTUhWZQ&oe=6A708D9F,https://web.facebook.com/groups/4703268329726449
Bawang Goreng Nusantara,27423816737244952,2026-07-29T03:47:51.000Z,Harumi Dyna,pfbid0ViPcfe8wHeQkCWyn2nJXwQtFBDqQHqVG4gghTkyh4JvPRQ7pNrUY23WABRpbXejBl,https://www.facebook.com/pfbid0ViPcfe8wHeQkCWyn2nJXwQtFBDqQHqVG4gghTkyh4JvPRQ7pNrUY23WABRpbXejBl,"Brambang Goreng Ningrat. Renyah dan Gurih: Dibuat dengan minyak goreng berkualitas, bawang merah asli dan melalui proses penyaringan minyak dengan baik sehingga lebih kering dan renyah. Enak dicemilin, bisa untuk taburan dan menambah selera makan. Lokasi Jogja Kota, bisa dikirim atau cod. 089668682010",,"IDR30,000",0,0,0,False,https://www.facebook.com/groups/4703268329726449/permalink/27423816737244952/,https://scontent-atl3-1.xx.fbcdn.net/v/t39.84726-6/709722688_1165695445702746_5231094179392380161_n.jpg?stp=c99.3.584.584a_dst-jpg_p590x590_tt6&_nc_cat=106&ccb=1-7&_nc_sid=2ad8e8&_nc_ohc=FPzvzODrQu8Q7kNvwEPDqhW&_nc_oc=Adq5CkZpCMbcwr_xI5dH92o6lfB8D3zXzWx_C-2yCVgXsd85CDYgEDLNmrby5Vj1fm-M6XcITXeZM0fZIHgiAhez&_nc_zt=14&_nc_ht=scontent-atl3-1.xx&_nc_gid=SLdTGM6IvUEiEgOAzBUcBQ&_nc_ss=72289&oh=00_AQGNZDPkPN0Jik6peBxBbRDI6fygB9q6-s6rMT6qaKJobg&oe=6A708081 | https://scontent-atl3-3.xx.fbcdn.net/v/t45.5328-4/709405499_4324236001126502_5528794271259817539_n.jpg?stp=c3.99.584.584a_dst-jpg_p590x590_tt6&_nc_cat=110&ccb=1-7&_nc_sid=46f460&_nc_ohc=xSI_xSwZhEEQ7kNvwE9UML3&_nc_oc=AdpSZukV_QXiaJ_Oy9vENMWX_Ns0jYNzGzrQi-jO2c0V2dL5H0Y-drshJb4zB0BAQ_spgnYAn_NqsG3Oq48LmGSj&_nc_zt=23&_nc_ht=scontent-atl3-3.xx&_nc_gid=SLdTGM6IvUEiEgOAzBUcBQ&_nc_ss=72289&oh=00_AQE8IcWplia0tj1pHX9yPoKfUf1Bg2Mr5S6ZnzKR06qD3Q&oe=6A709301 | https://scontent-atl3-2.xx.fbcdn.net/v/t45.5328-4/712005105_2017821628944234_7998313846094923039_n.jpg?stp=c3.99.584.584a_dst-jpg_p590x590_tt6&_nc_cat=102&ccb=1-7&_nc_sid=46f460&_nc_ohc=kOzTLMojTAcQ7kNvwGaizBj&_nc_oc=Adrf21CKf1eaM2oATfIrAJIkEXbubYy_KUbLWAGVvLWdkm91ZL2_VCZBSwiSubrFOCWGT4BR9fe-BEva5IIJUVzx&_nc_zt=23&_nc_ht=scontent-atl3-2.xx&_nc_gid=SLdTGM6IvUEiEgOAzBUcBQ&_nc_ss=72289&oh=00_AQE9Arj_WolacPBEtSGk1Sl40HKw1bmUuIGsTuU6RjTRQw&oe=6A707FB7 | https://scontent-atl3-3.xx.fbcdn.net/v/t45.5328-4/711075454_1310256820596786_4833290581660120280_n.jpg?stp=c13.3.584.584a_dst-jpg_p590x590_tt6&_nc_cat=108&ccb=1-7&_nc_sid=46f460&_nc_ohc=98sWYQvrKo0Q7kNvwEr_5FC&_nc_oc=AdpDIqcLaUWoYyrk86uTxynCrH_JJpEzo-ENd-1DimrtrOd4uQtSgX8-t9EFloeW21HEfdmu2Kz0RbDWzl5KtCwC&_nc_zt=23&_nc_ht=scontent-atl3-3.xx&_nc_gid=SLdTGM6IvUEiEgOAzBUcBQ&_nc_ss=72289&oh=00_AQG8ekA2KBQdIN4CkmBkBMNtQV0M2epvzITQofI-zB9V3Q&oe=6A7094E1 | https://scontent-atl3-2.xx.fbcdn.net/v/t45.5328-4/711208621_2039126290052195_451094914756553532_n.jpg?stp=c3.151.584.584a_dst-jpg_p590x590_tt6&_nc_cat=102&ccb=1-7&_nc_sid=46f460&_nc_ohc=USBENFY94FAQ7kNvwGHaYcc&_nc_oc=AdrlOuJrgtnt7ANcFPgn_IEAD28xJiU6FpVIqbHDOmVUT13IU3nizcvCPcg6HmUdIdcLm8UQvpM331jP4W4XvQAK&_nc_zt=23&_nc_ht=scontent-atl3-2.xx&_nc_gid=SLdTGM6IvUEiEgOAzBUcBQ&_nc_ss=72289&oh=00_AQH1IfJP370yJouelyx8nm7kVIW0hbnVwwHH49zH36uwWg&oe=6A7098DB,https://web.facebook.com/groups/4703268329726449
Jual Beli Bawang Goreng,2803164746723297,2026-07-29T08:25:25.000Z,Ati Malawat,100000701291939,https://www.facebook.com/100000701291939,"Stok toples,sambal goreng tempe kacang pedas.
#sorotan
#sambaltempekering",,,0,0,0,True,https://www.facebook.com/groups/1823856604654121/permalink/2803164746723297/,https://scontent-lga3-1.xx.fbcdn.net/v/t15.5256-10/759521763_909956418205112_369901065938647430_n.jpg?stp=dst-jpg_tt6&cstp=mx1080x1920&ctp=s960x960&_nc_cat=109&ccb=1-7&_nc_sid=117846&_nc_ohc=pXRhVsUUaukQ7kNvwFiENsF&_nc_oc=AdqRoTBmedmAa3JHhyjPHhlFfVUCNWJ_Y0nJbtXY2u4JOoMSVaMnybxYlwtnoau8JonJQv5PrY_DjR8Cs_E3k9J9&_nc_zt=23&_nc_ht=scontent-lga3-1.xx&_nc_gid=ACXAGMUAyeYqNPSX6f7hIg&_nc_ss=72289&oh=00_AQEpFZ-i2qNoVU_lGMzcklETMypayM45T7hV-S2dRmdsFw&oe=6A709EE6,https://web.facebook.com/groups/1823856604654121
Jual Beli Bawang Goreng,2802978373408601,2026-07-29T03:50:30.000Z,Vanz Wajan,pfbid0StaLTe2zjUMuhxrg67NjfZaCT8SdH2nHJqVjhfGW4EfofiGS8wbhY22FcnXTV4del,https://www.facebook.com/pfbid0StaLTe2zjUMuhxrg67NjfZaCT8SdH2nHJqVjhfGW4EfofiGS8wbhY22FcnXTV4del,"Bismillāh admin izin Mencari rizkinya
KUALI WAJAN BESAR untuk PRODUKSI
KERUPUK, KERIPIK, SUKRO, SNACK DLL
083820152388

Material Plat Besi / Stainless 
Diameter 70 cm
Diameter 80 cm
Diameter 90 cm
Diameter 100 cm
Diameter 110 cm
Diameter 115 cm
Diameter 120 cm

Kegunaan
- Penggorengan Krupuk 
- Penggorengan Kripik
- Penggorengan Snack
- Penggorengan Sukro
- Penggorengan serbaguna
Semua Orang 
Sorotan Rakyat083820152388",May be an image of foundry,,0,0,0,False,https://www.facebook.com/groups/1823856604654121/permalink/2802978373408601/,https://www.facebook.com/vanz.wajan/posts/pfbid0YN3qi2gwLzbXvF7GN4ji78HtnCPgfxoBEqN3Yz7gAgDABRkwRNZZuoFsTL3i8RhJl | https://scontent-lga3-1.xx.fbcdn.net/v/t39.30808-6/752924723_122271153254163582_1408183546574311036_n.jpg?stp=dst-jpg_tt6&cstp=mx1536x2048&ctp=s590x590&_nc_cat=111&ccb=1-7&_nc_sid=833d8c&_nc_ohc=jKvOkLF6qqgQ7kNvwFZETSy&_nc_oc=AdpnDhgKEBf-OHmxQJcPh5EKj2YrW4jdTl-OL3Eh_JjsaoCoxvMKLH2mfNtvxwjZiJBF9SVNC19Kdf6L3ydb37TR&_nc_zt=23&_nc_ht=scontent-lga3-1.xx&_nc_gid=ACXAGMUAyeYqNPSX6f7hIg&_nc_ss=72289&oh=00_AQECp12CiJyo1MFDZHJhFPGEpq5SNFMTtRx3LiCvr5wg7Q&oe=6A708FD9 | https://scontent-lga3-1.xx.fbcdn.net/v/t39.30808-6/751041624_122271153296163582_7517651742192648120_n.jpg?stp=dst-jpg_tt6&cstp=mx1536x2048&ctp=s590x590&_nc_cat=109&ccb=1-7&_nc_sid=833d8c&_nc_ohc=V4EXiWcam28Q7kNvwHD1xJb&_nc_oc=AdryBD1VquX-LnhRYOB1tGUHYYNVmKn78wOpzaHEzQqvXTM0K3iioyprUP4sdzIdwSxrY4jKdoK-RWZ8hHYly3vw&_nc_zt=23&_nc_ht=scontent-lga3-1.xx&_nc_gid=ACXAGMUAyeYqNPSX6f7hIg&_nc_ss=72289&oh=00_AQGWbvHhh9oiaIshDYRfespVX9sqq9sF8HE-u_Z7TVHD-Q&oe=6A7090C7 | https://scontent-lga3-1.xx.fbcdn.net/v/t39.30808-6/751321367_122271153344163582_9081797096751315041_n.jpg?stp=dst-jpg_tt6&cstp=mx1536x2048&ctp=s590x590&_nc_cat=110&ccb=1-7&_nc_sid=833d8c&_nc_ohc=mZEUh8dk0WgQ7kNvwHkyGpn&_nc_oc=AdqqJRYmpa-RPXVeyL-qmsq_GwvC9vazApnSx9tCOzUJquVA8nKdiHVd4roF_7s0QgwRtVJi7eS3gKh7v8vmsCxk&_nc_zt=23&_nc_ht=scontent-lga3-1.xx&_nc_gid=ACXAGMUAyeYqNPSX6f7hIg&_nc_ss=72289&oh=00_AQGtx1PCS_AQ2OvnASmATnXQNZulEVi7gUEzHIll1mqINA&oe=6A707C65 | https://scontent-lga3-3.xx.fbcdn.net/v/t39.30808-6/752893624_122271153392163582_3144638062852497190_n.jpg?stp=dst-jpg_tt6&cstp=mx1536x2048&ctp=s590x590&_nc_cat=102&ccb=1-7&_nc_sid=833d8c&_nc_ohc=vtQpYSZruoAQ7kNvwG0ZkDF&_nc_oc=Adpwg4oSz-3D2L8KxGomOs6ZPe1uONwzOvVED95rIcgKdHFNGtn_ZzAKNyR9j7WOShTJWkRXssydGM76i_q2U7-W&_nc_zt=23&_nc_ht=scontent-lga3-3.xx&_nc_gid=ACXAGMUAyeYqNPSX6f7hIg&_nc_ss=72289&oh=00_AQFpqBRXfQr_9BhQAgdALeMrW1NwVcSBwvJth7Ki1J4Cew&oe=6A70765F | https://scontent-lga3-1.xx.fbcdn.net/v/t39.30808-6/750976056_122271153452163582_700964493413027789_n.jpg?stp=dst-jpg_tt6&cstp=mx1536x2048&ctp=s590x590&_nc_cat=103&ccb=1-7&_nc_sid=833d8c&_nc_ohc=FvxwMmyKSIgQ7kNvwFFrPwS&_nc_oc=AdoCVYhDnanAGdo3EUGX9azpVMXCnSQoDsmtwoAR_9dCy9H9z1aoSQTbXgCLxK70CgCtnIzp5Yu6Nb3VfULXM3vU&_nc_zt=23&_nc_ht=scontent-lga3-1.xx&_nc_gid=ACXAGMUAyeYqNPSX6f7hIg&_nc_ss=72289&oh=00_AQGJdTPBTEIdjzIzDnPY6T2VxOz4CvvmmkPrP0nTSt4O2w&oe=6A708D9F,https://web.facebook.com/groups/1823856604654121
Jual Beli Bawang Goreng,2802923676747404,2026-07-29T02:28:28.000Z,Hany Putry,pfbid0sAzzBcChcGd1KCxRFpM6gZskA2ebM4tfkZeQFxpMQ1FqvAe9Q7KXrJmAGDrLSz4l,https://www.facebook.com/pfbid0sAzzBcChcGd1KCxRFpM6gZskA2ebM4tfkZeQFxpMQ1FqvAe9Q7KXrJmAGDrLSz4l,bawang goreng Sumenep n bos ku mngga 1 kilo 65000 lok bandung wa 083894442906,,,0,0,0,True,https://www.facebook.com/groups/1823856604654121/permalink/2802923676747404/,https://www.facebook.com/media/set/?set=pcb.2802923676747404&type=1 | https://scontent-lga3-1.xx.fbcdn.net/v/t15.5256-10/759188433_27693671196967627_8916110067041914562_n.jpg?stp=dst-jpg_tt6&cstp=mx720x1280&ctp=s590x590&_nc_cat=111&ccb=1-7&_nc_sid=117846&_nc_ohc=uMRSMp2s8rQQ7kNvwG2tGtU&_nc_oc=Adr0augCfVg9a2w49IKoz1t6nT7CO_kPW9cjaBrxU95CRddFRmcsUtNIFG2qpwuJlyYxLNfTzTWX92RlHVKOXeOJ&_nc_zt=23&_nc_ht=scontent-lga3-1.xx&_nc_gid=ACXAGMUAyeYqNPSX6f7hIg&_nc_ss=72289&oh=00_AQFFt_V-pyZZugiq9yXV8W7bZrYT56lGd4JTbMGVH1lTXw&oe=6A707CEB | https://scontent-lga3-1.xx.fbcdn.net/v/t15.5256-10/759985742_1583463666452648_173211440419233167_n.jpg?stp=dst-jpg_tt6&cstp=mx720x1280&ctp=s590x590&_nc_cat=111&ccb=1-7&_nc_sid=117846&_nc_ohc=eswpbqhnjdUQ7kNvwHv8iSM&_nc_oc=AdpiKJSVYNbIDu6-qnBZRoINnZt60k38v-SItGtrTKp4UioUoqTbdJalJOgL2H-rZBQrwaZNtM1wv_m6K4iiwucx&_nc_zt=23&_nc_ht=scontent-lga3-1.xx&_nc_gid=ACXAGMUAyeYqNPSX6f7hIg&_nc_ss=72289&oh=00_AQGoyRV6lFw0PJd-A3RAqiNHDn3n8lvUGA9E0JwTGUovWg&oe=6A708604 | https://scontent-lga3-1.xx.fbcdn.net/v/t39.30808-6/758951259_2493113951191038_3987293798362965079_n.jpg?stp=dst-jpg_tt6&cstp=mx715x876&ctp=p480x480&_nc_cat=111&ccb=1-7&_nc_sid=aa7b47&_nc_ohc=Fa8pRWiochMQ7kNvwHWiE8Y&_nc_oc=Adr1oRwwy8FNdHigV7F7UsryismJ12eB6H7OxabbZbB4Ekygk2ZbnndXN3U94dvvHMalA11483WVoJyZT7HUHSfu&_nc_zt=23&_nc_ht=scontent-lga3-1.xx&_nc_gid=ACXAGMUAyeYqNPSX6f7hIg&_nc_ss=72289&oh=00_AQHGuhESCnpHrwAq2bsTyhX2SOi8zhvcsZPIel13fKgDXg&oe=6A706FC3,https://web.facebook.com/groups/1823856604654121
Jual Beli Bawang Goreng Indonesia (JUBAGORIN),2715365855532002,2026-07-24T07:19:29.000Z,Ober Hasibuan,pfbid02PkdXEmkJdsiQ5WZpy5aLFBHkdwG111XQGRRfedcWpJMsuiywYLmAQBirB3ThBqe6l,https://www.facebook.com/pfbid02PkdXEmkJdsiQ5WZpy5aLFBHkdwG111XQGRRfedcWpJMsuiywYLmAQBirB3ThBqe6l,"Saatnya belanja bawang dari rumah❗️❗️
Bawangmerahkupas.com hadir membantu usaha ketring, restoran, kafe dan usaha lainnya yang berkaitan dengan bawang merah. Kita menyediakan bawang merah segar dan berkualitas",May be an image of longan and text,,0,0,0,False,https://www.facebook.com/groups/404302279971716/permalink/2715365855532002/,https://scontent-msp1-1.xx.fbcdn.net/v/t39.30808-6/754235262_27835453502808353_6127559120106070009_n.jpg?stp=dst-jpg_tt6&cstp=mx1024x1536&ctp=p526x296&_nc_cat=108&ccb=1-7&_nc_sid=aa7b47&_nc_ohc=CyDPOerC6lgQ7kNvwEgYOvl&_nc_oc=AdqUs9oZgL9QlPxdV_FDEv2GZ-2juFQfP8SIusaDvdbK9stIl2w29h6woA0S8djCqvY&_nc_zt=23&_nc_ht=scontent-msp1-1.xx&_nc_gid=ySG2luMr55LZV2Jkmu5Y9Q&_nc_ss=72289&oh=00_AQG2cnoNq2_yikKnW-Ebo7gFctJ14EO47ZoabZTa4CkD-Q&oe=6A707006,https://web.facebook.com/groups/404302279971716
Jual Beli Bawang Goreng Indonesia (JUBAGORIN),2715128435555744,2026-07-24T00:25:57.000Z,Masraden Radenmas,pfbid031pYtJ7LPQ2D78fwwMJdFyDuft36Bvo8BW3ANdEtFsA3rVkLXPMBxqe1QwxnfjtBYl,https://www.facebook.com/pfbid031pYtJ7LPQ2D78fwwMJdFyDuft36Bvo8BW3ANdEtFsA3rVkLXPMBxqe1QwxnfjtBYl,Absen Lokasi kediri jatim harga merakyat siap melyani partai dan ecer 081217873957,,,0,0,0,True,https://www.facebook.com/groups/404302279971716/permalink/2715128435555744/,https://scontent-msp1-1.xx.fbcdn.net/v/t15.5256-10/753865348_1366392818459796_335862884658886935_n.jpg?stp=dst-jpg_tt6&cstp=mx1920x1080&ctp=s960x960&_nc_cat=108&ccb=1-7&_nc_sid=117846&_nc_ohc=RY4m73DliHAQ7kNvwE1Yhqc&_nc_oc=AdofsfenDws_h5qVddPQ0rCcCOt7j6MbniFcsOp4O0DOJREgNWwkuhvwTUj2P-nmcNE&_nc_zt=23&_nc_ht=scontent-msp1-1.xx&_nc_gid=ySG2luMr55LZV2Jkmu5Y9Q&_nc_ss=72289&oh=00_AQEFrbDhvlG-LZy1i3RJ9y7j49jjJbTYWMq3mO_zFaDf3A&oe=6A709436,https://web.facebook.com/groups/404302279971716
Jual Beli Bawang Goreng Indonesia (JUBAGORIN),2714489422286312,2026-07-23T07:39:35.000Z,Bawang Goreng Pandawa,61588274308002,https://www.facebook.com/61588274308002,"Setiap butir bawang digoreng hingga tingkat kematangan yang pas untuk menghasilkan bawang goreng Brebes yang renyah dan bercita rasa khas.

📩 Yuk, jadikan kami partner untuk kebutuhan bawang goreng Anda.

CP : 0882-1242-6473

#bawanggorengbrebes #bawanggoreng #bawangcrispy #supplierkuliner #kulinerindonesia #grosirkuliner #bawanggorenggurih #bawanggorengpremium #suppliermakanan #brebes",,,0,0,0,False,https://www.facebook.com/groups/404302279971716/permalink/2714489422286312/,https://scontent-msp1-1.xx.fbcdn.net/v/t51.82787-10/753206236_18082482650476311_43018074104370801_n.jpg?stp=dst-jpg_tt6&cstp=mx1170x2080&ctp=s960x960&_nc_cat=105&ccb=1-7&_nc_sid=5fad0e&_nc_ohc=p_FmrCFNPnkQ7kNvwE4YpST&_nc_oc=AdqeousmxvnGP4KGjDRsGh1AzPIgc4UGwbewu9DngqgslvsnwJdlhdRFALHxM40nRIk&_nc_zt=23&_nc_ht=scontent-msp1-1.xx&_nc_gid=ySG2luMr55LZV2Jkmu5Y9Q&_nc_ss=72289&oh=00_AQGEAHKI9yt1rwET6W3NZ424joj-bD799lACZCgFYVfEUw&oe=6A709EFB,https://web.facebook.com/groups/404302279971716
Jual Beli Bawang Goreng,2802665846773187,2026-07-28T19:31:13.000Z,Karomah Bagor,pfbid02HfLRs9BPN33nkA9oVWgYrT4ibAfoFy3fWg3fcKqzx56S8qkSmC9tBphRX3WcPJ41l,https://www.facebook.com/pfbid02HfLRs9BPN33nkA9oVWgYrT4ibAfoFy3fWg3fcKqzx56S8qkSmC9tBphRX3WcPJ41l,"Grade c Rp. 3x.xxx
0878-6188-1939",,,0,0,0,True,https://www.facebook.com/groups/1823856604654121/permalink/2802665846773187/,https://www.facebook.com/media/set/?set=pcb.2802665846773187&type=1 | https://scontent-bos5-1.xx.fbcdn.net/v/t15.5256-10/759383986_1061995686282674_8821164072011135602_n.jpg?stp=dst-jpg_tt6&cstp=mx1080x1920&ctp=s590x590&_nc_cat=101&ccb=1-7&_nc_sid=117846&_nc_ohc=lr_9lY_7hlMQ7kNvwHfrcIi&_nc_oc=Adr1Bpo-jr2ojJzzp0MxvEor-5k7ICVm9-ktqCz1bcoLCstEKnT-sX8styfZvKpmGBgRZADRjb-vb_UwJoNZE767&_nc_zt=23&_nc_ht=scontent-bos5-1.xx&_nc_gid=xU978BDPQRAWYYNEPBD_dg&_nc_ss=72289&oh=00_AQHArt7uz5fIYFIVuB2j71MQtavve21NpoRUZ27TG9k23g&oe=6A7072A6 | https://scontent-bos5-1.xx.fbcdn.net/v/t15.5256-10/759477775_2139165986944367_1525990017777507373_n.jpg?stp=dst-jpg_tt6&cstp=mx720x1280&ctp=s590x590&_nc_cat=103&ccb=1-7&_nc_sid=117846&_nc_ohc=atVsre8_gWkQ7kNvwFKTSOC&_nc_oc=AdqN9r6Pv1DN4tio1QeWpNwtR_afLV8jziem8nvSjI9-cIVN2_eh3vHYE0FBGxLCpqDtrehNbyYqxP-Q5NVnTk6H&_nc_zt=23&_nc_ht=scontent-bos5-1.xx&_nc_gid=xU978BDPQRAWYYNEPBD_dg&_nc_ss=72289&oh=00_AQHO65IAX-A5WChdOFmjRcuuK4H_O24914aDW_mOmUde1A&oe=6A708419,https://web.facebook.com/groups/1823856604654121
Jual Beli Bawang Goreng,2802014413504997,2026-07-28T04:29:53.000Z,Sri Mukti Asih,100001618174969,https://www.facebook.com/100001618174969,,May be an image of fruit,,0,0,0,False,https://www.facebook.com/groups/1823856604654121/permalink/2802014413504997/,https://www.facebook.com/media/set/?set=pcb.2802014413504997&type=1 | https://scontent-bos5-1.xx.fbcdn.net/v/t39.30808-6/758706889_28159903540313542_6656554340935575115_n.jpg?stp=dst-jpg_tt6&cstp=mx720x1146&ctp=p370x247&_nc_cat=104&ccb=1-7&_nc_sid=aa7b47&_nc_ohc=4MKRZN5Aq5MQ7kNvwE1jOGm&_nc_oc=AdqVyOEtqwPGTpV2BriIWaE7S7FTu0TzjmHvweGEdyQ64xLYsH-CKk70KwxV-DtaZopdshb-p61BxaNyTv1imOi_&_nc_zt=23&_nc_ht=scontent-bos5-1.xx&_nc_gid=xU978BDPQRAWYYNEPBD_dg&_nc_ss=72289&oh=00_AQGOiMcucNcp8yHTEWg9hz5vdr0w7YxIWPFX7Qcs9v1Z8A&oe=6A707FFB | https://scontent-bos5-1.xx.fbcdn.net/v/t39.30808-6/759025519_28159903853646844_7856138404060255204_n.jpg?stp=dst-jpg_tt6&cstp=mx720x1280&ctp=s590x590&_nc_cat=109&ccb=1-7&_nc_sid=aa7b47&_nc_ohc=WWUbBT-QXCwQ7kNvwGPT1Yn&_nc_oc=AdrYS_bmL25noigLxiVboRK8len_74b9WriVrjeK34vLy5CjzVzY5LaAle-I4PQLzigh25GcLIEcM3EQj__ouS2F&_nc_zt=23&_nc_ht=scontent-bos5-1.xx&_nc_gid=xU978BDPQRAWYYNEPBD_dg&_nc_ss=72289&oh=00_AQEaAQ4dgUXefVinjP7ddP3hCFNFvjPB1th90zMeWfWO7w&oe=6A7081F9,https://web.facebook.com/groups/1823856604654121
Jual Beli Bawang Goreng,2801981070174998,2026-07-28T03:47:20.000Z,Vanz Wajan,pfbid0StaLTe2zjUMuhxrg67NjfZaCT8SdH2nHJqVjhfGW4EfofiGS8wbhY22FcnXTV4del,https://www.facebook.com/pfbid0StaLTe2zjUMuhxrg67NjfZaCT8SdH2nHJqVjhfGW4EfofiGS8wbhY22FcnXTV4del,"Bismillāh admin izin Mencari rizkinya
KUALI WAJAN BESAR untuk PRODUKSI
KERUPUK, KERIPIK, SUKRO, SNACK DLL
083820152388

Material Plat Besi / Stainless 
Diameter 70 cm
Diameter 80 cm
Diameter 90 cm
Diameter 100 cm
Diameter 110 cm
Diameter 115 cm
Diameter 120 cm

Kegunaan
- Penggorengan Krupuk 
- Penggorengan Kripik
- Penggorengan Snack
- Penggorengan Sukro
- Penggorengan serbaguna
Semua Orang 
Sorotan Rakyat083820152388",May be an image of range hood and foundry | May be an image of foundry,,0,0,0,False,https://www.facebook.com/groups/1823856604654121/permalink/2801981070174998/,https://www.facebook.com/vanz.wajan/posts/pfbid08wNCoQPhfEep5Z5bZJ3V3DdQD8WpVQcWk4ovMPAHFd8R6wkDmrpuB9cbWSkACrnel | https://scontent-bos5-1.xx.fbcdn.net/v/t39.30808-6/754453640_122271536720163582_4035132044556130844_n.jpg?stp=dst-jpg_tt6&cstp=mx1536x2048&ctp=s590x590&_nc_cat=109&ccb=1-7&_nc_sid=833d8c&_nc_ohc=JHSYxQf9lScQ7kNvwHzdTHA&_nc_oc=Ado3hZn6GWP2FF7hqs_uD6KmYifL52sEXcsflCKIHnQ28xkKibLf1ps4dumReOISYO7m-Vp6kFhJIcqi6W-cwCgM&_nc_zt=23&_nc_ht=scontent-bos5-1.xx&_nc_gid=xU978BDPQRAWYYNEPBD_dg&_nc_ss=72289&oh=00_AQGmhIIaa5oFsz6jcvOekWmoyCXFLo2SruIY24_p5OGwpw&oe=6A706CA0 | https://scontent-bos5-1.xx.fbcdn.net/v/t39.30808-6/754498149_122271536762163582_4049132686097855022_n.jpg?stp=dst-jpg_tt6&cstp=mx1536x2048&ctp=s590x590&_nc_cat=101&ccb=1-7&_nc_sid=833d8c&_nc_ohc=jDaqYvbDF-4Q7kNvwFJ3CjD&_nc_oc=AdpNh7q7ds9gkKlPLY9kGQwZP7CbYM-ZFNyX6nZsQznvSIkViM9rOf2E20dPx6XSFOpp_yyAiuXrcxi9LZe_v3y5&_nc_zt=23&_nc_ht=scontent-bos5-1.xx&_nc_gid=xU978BDPQRAWYYNEPBD_dg&_nc_ss=72289&oh=00_AQGmuMMX-0vJ8fIylArgiBpnYMv4K_Q3RjLy6ppqwjUb0w&oe=6A7094D7 | https://scontent-bos5-1.xx.fbcdn.net/v/t39.30808-6/753336962_122271536852163582_857834222282829600_n.jpg?stp=dst-jpg_tt6&cstp=mx1536x2048&ctp=s590x590&_nc_cat=105&ccb=1-7&_nc_sid=833d8c&_nc_ohc=Vjh0cMK501EQ7kNvwFtTijX&_nc_oc=AdqJzMi0F2IAc5Tjg3TcuwEgh-jZECBUbxQsRd1gMrtj9N_g8tjXQlB8kRECpyIqYUjOb1xyXNMG_5PDUrrHXlEA&_nc_zt=23&_nc_ht=scontent-bos5-1.xx&_nc_gid=xU978BDPQRAWYYNEPBD_dg&_nc_ss=72289&oh=00_AQFRdD9lJzLJyA6hcpQyH3S-UZkE6K8aOtdjqhk0mPKmhg&oe=6A708C60 | https://scontent-bos5-1.xx.fbcdn.net/v/t39.30808-6/753668665_122271536912163582_2029772951082761087_n.jpg?stp=dst-jpg_tt6&cstp=mx1536x2048&ctp=s590x590&_nc_cat=106&ccb=1-7&_nc_sid=833d8c&_nc_ohc=0E_MSOxMQwwQ7kNvwHIiX8y&_nc_oc=AdpyV_yobhFanAj5wKfVXMFyUSoZHHHI0lO8BD_LLfiVp-uMOQxmCInYaM9IBt9Eor8jwo7yzbIs70vN8Pp7T6OE&_nc_zt=23&_nc_ht=scontent-bos5-1.xx&_nc_gid=xU978BDPQRAWYYNEPBD_dg&_nc_ss=72289&oh=00_AQEonTgIhsMdSfJsUMNrmxbjAAl9or2D9ubZjO2JTRKcug&oe=6A707F7A | https://scontent-bos5-1.xx.fbcdn.net/v/t39.30808-6/753164171_122271536960163582_3649119142005569285_n.jpg?stp=dst-jpg_tt6&cstp=mx1536x2048&ctp=s590x590&_nc_cat=106&ccb=1-7&_nc_sid=833d8c&_nc_ohc=hkkn6UEWlXgQ7kNvwGl1BIl&_nc_oc=AdqDrqwGpwgzq8wXlOyhoHY4KQQ29f21wcj0TiXlKugOefKZIh-ixmPcWwX3BEUh0KSYnPYp67kYTf6orcIjaVeP&_nc_zt=23&_nc_ht=scontent-bos5-1.xx&_nc_gid=xU978BDPQRAWYYNEPBD_dg&_nc_ss=72289&oh=00_AQFestgKmIaiIYOnRGC0uMV7U9swVCtz44nTvvhUa1O1Wg&oe=6A707247,https://web.facebook.com/groups/1823856604654121
Bawang Goreng Nusantara,27423258973967395,2026-07-29T02:38:12.000Z,Rhom Teknomesin,100033724032823,https://www.facebook.com/100033724032823,"Mesin Spinner Peniris Minyak Kapasitas 10 Liter & 45 Liter, Harga Ekonomis.

Info spesifikasi, pemesanan dan harga silahkan hub. Toko TeknoMesin

Alamat : Komplek Ruko Diro No 76a . Jl Bantul Km 8, Sewon, Bantul, Yogyakarta. 

wa/telp. 0823-1443-7733

               0812-2860-8210

https://wa.me/message/M5MRDLFEFYP7H1",,,0,0,0,True,https://www.facebook.com/groups/4703268329726449/permalink/27423258973967395/,https://www.facebook.com/media/set/?set=pcb.27423258973967395&type=1 | https://scontent-bos5-1.xx.fbcdn.net/v/t15.5256-10/760441911_1956269771755740_6592710422152950317_n.jpg?stp=dst-jpg_tt6&cstp=mx1080x1920&ctp=s590x590&_nc_cat=104&ccb=1-7&_nc_sid=117846&_nc_ohc=0rTBBfMIqGAQ7kNvwHwszIO&_nc_oc=AdqYVgHHt9zZZ9861Bz6Qu2noFFlq6R1kUg116bV2KlfY_81VDNWkD7AgfU3sIaFCPRzhEC3CTwEDNrkrIWLEoxf&_nc_zt=23&_nc_ht=scontent-bos5-1.xx&_nc_gid=pqekoMJ9q2A3DeAYhnc3lw&_nc_ss=72289&oh=00_AQEv6zlwbvWFJVDWMz37GG3o-ZoKqgc61BGyzl1JXAKhhg&oe=6A708E1C | https://scontent-bos5-1.xx.fbcdn.net/v/t15.5256-10/759871451_997047743370334_4196156685027976596_n.jpg?stp=dst-jpg_tt6&cstp=mx478x850&ctp=s590x590&_nc_cat=102&ccb=1-7&_nc_sid=117846&_nc_ohc=KE_oMEfl-fIQ7kNvwF7B78w&_nc_oc=AdpYxB7flXy2hl9lt9083pl8PxX3-4fC1HyqMoK0y0EMZF0z1SXuaYfRwaN6i6LRXK2s_zU3lGUDxJN61WU6QDeH&_nc_zt=23&_nc_ht=scontent-bos5-1.xx&_nc_gid=pqekoMJ9q2A3DeAYhnc3lw&_nc_ss=72289&oh=00_AQFltAof_PF6mW1eUN-iPftXzwnReK9ebhJtLMh8gH4jZA&oe=6A70679D,https://web.facebook.com/groups/4703268329726449
Bawang Goreng Nusantara,27423123307314295,2026-07-29T02:22:18.000Z,Madan Angkat,61579100950462,https://www.facebook.com/61579100950462,Truk,,,0,0,0,False,https://www.facebook.com/groups/4703268329726449/permalink/27423123307314295/,https://scontent-bos5-1.xx.fbcdn.net/v/t15.5256-10/760443620_3627872427359807_3223681331313206408_n.jpg?stp=dst-jpg_tt6&cstp=mx864x1536&ctp=s960x960&_nc_cat=107&ccb=1-7&_nc_sid=5fad0e&_nc_ohc=8nJA1K6c3G0Q7kNvwEIi2Aq&_nc_oc=AdqSUvd6AyhiE7JjOrX1uiVOGujOPiHzgBv14BOwK8ELft4ydmlMrYTgLOxacagYPWVK3OP2kBSs5FcXohcN7lRw&_nc_zt=23&_nc_ht=scontent-bos5-1.xx&_nc_gid=pqekoMJ9q2A3DeAYhnc3lw&_nc_ss=72289&oh=00_AQG5M7X8-WlAzJ1a8O49f21bP_5pCrZpBiueyAtUujHIkA&oe=6A7083AD,https://web.facebook.com/groups/4703268329726449
Bawang Goreng Nusantara,27421731810786778,2026-07-28T23:26:15.000Z,Rakana Onion,pfbid0VcpbaYHXnAo7gkp2TdNfYXt1C5Xa1Gc3Cxrp59sJVR6vvkY82ujQDLVU1D9tNSHQl,https://www.facebook.com/pfbid0VcpbaYHXnAo7gkp2TdNfYXt1C5Xa1Gc3Cxrp59sJVR6vvkY82ujQDLVU1D9tNSHQl,Sumenep grade A ny redy bosku monggo masi anget,,,0,1,0,True,https://www.facebook.com/groups/4703268329726449/permalink/27421731810786778/,https://scontent-bos5-1.xx.fbcdn.net/v/t15.5256-10/759932139_2117426239207993_6099038283116058627_n.jpg?stp=dst-jpg_tt6&cstp=mx720x1280&ctp=s960x960&_nc_cat=108&ccb=1-7&_nc_sid=117846&_nc_ohc=PI9IvTc7k5QQ7kNvwGZIgQ6&_nc_oc=Adrayc9L1QV53OjIb7r1Olgx_Dk6qwUib5a2uvhoc6AB5bEzTTHfnnZHaV6iJ0OR7l6P5Ik1eCNcxgdnj6DUgYIW&_nc_zt=23&_nc_ht=scontent-bos5-1.xx&_nc_gid=pqekoMJ9q2A3DeAYhnc3lw&_nc_ss=72289&oh=00_AQGPdKIULbz-43B4NAhGPqO8uoOWGGOGIw4qJHUfQrB4jw&oe=6A707BF4,https://web.facebook.com/groups/4703268329726449
Jual Beli Bawang Goreng Indonesia (JUBAGORIN),2713806815687906,2026-07-22T12:33:13.000Z,Hary Mas Wayan,100000147643240,https://www.facebook.com/100000147643240,"Bahan Super Josjis Bosku 👍
Monggo diorder Bosku 👍
Grede B Redy Setiap Hari 👍
Pengirimam Sesuai Antrian Bosku 🙏
085338857843 Bawang Goreng HR",,,0,0,0,True,https://www.facebook.com/groups/404302279971716/permalink/2713806815687906/,https://www.facebook.com/media/set/?set=pcb.2713806815687906&type=1 | https://scontent-sea5-1.xx.fbcdn.net/v/t15.5256-10/753298209_1545583790538928_1662978619613612658_n.jpg?stp=dst-jpg_tt6&cstp=mx464x832&ctp=s590x590&_nc_cat=111&ccb=1-7&_nc_sid=117846&_nc_ohc=zXYPRaMRZKwQ7kNvwFPaMly&_nc_oc=Adr13KGlxZG27lbHzGCA--oWX2_b7m3YrQwg4iGsSYRxhm6MbiYuNUkd4LfIUxwaZbkKJ_0q6RVppSuXx4Xy5eDa&_nc_zt=23&_nc_ht=scontent-sea5-1.xx&_nc_gid=_t_cepXs5fLiMesdyCSniA&_nc_ss=72289&oh=00_AQHPgLK6h43GhMwZpVJXFxznGm8cyvN_--JIjUZY3au0lQ&oe=6A709414 | https://scontent-sea5-1.xx.fbcdn.net/v/t39.30808-6/752347381_28685305497724323_3760967646320107734_n.jpg?stp=dst-jpg_tt6&cstp=mx1536x2048&ctp=s590x590&_nc_cat=107&ccb=1-7&_nc_sid=aa7b47&_nc_ohc=8udOmPucVq8Q7kNvwFNAhQN&_nc_oc=AdpTYNSP6GNdhRBPYX6V110M0Jtj9pf0hHhl2MnaCST319dGDXi_fUMYzh6I_K_BvlI3SqGgMnFaPsU36NG8RQbj&_nc_zt=23&_nc_ht=scontent-sea5-1.xx&_nc_gid=_t_cepXs5fLiMesdyCSniA&_nc_ss=72289&oh=00_AQGCrHjz5nmWl-GXCcsw8nwKUPsMfwu5zmTUhMyRKMECLw&oe=6A70743F | https://scontent-sea5-1.xx.fbcdn.net/v/t15.5256-10/754587410_814653808305389_3573718175861897922_n.jpg?stp=dst-jpg_tt6&cstp=mx720x1280&ctp=s590x590&_nc_cat=107&ccb=1-7&_nc_sid=117846&_nc_ohc=XOMAM-n-D8AQ7kNvwFPApsL&_nc_oc=Adpv8CwoBMozgQxkzxhKhcIKAz5VB2AWVuHSUngahZlOZo1lTqZsd3SjfdKi3AFwmU6oO6LXH1TyuuucdLM80Sw8&_nc_zt=23&_nc_ht=scontent-sea5-1.xx&_nc_gid=_t_cepXs5fLiMesdyCSniA&_nc_ss=72289&oh=00_AQFE24Py4wrASFTI-rGHFyW_2b9BiOWYPIEvidWlAqIpMw&oe=6A708DD9 | https://scontent-sea1-1.xx.fbcdn.net/v/t15.5256-10/753231473_1729491148048696_8657772068351430610_n.jpg?stp=dst-jpg_tt6&cstp=mx720x1280&ctp=s590x590&_nc_cat=101&ccb=1-7&_nc_sid=117846&_nc_ohc=HegWlReptjUQ7kNvwHhYZhb&_nc_oc=Adpr0a4Cj1Be41KDBzqZey0BqF9k47k3ri030xaCaKacCk1SYdPR4TP3Q36NbnvzXjxtrbvHSQhCD3I8yrLytoEk&_nc_zt=23&_nc_ht=scontent-sea1-1.xx&_nc_gid=_t_cepXs5fLiMesdyCSniA&_nc_ss=72289&oh=00_AQHypoi9QmC_kuTsMpWxpMhdBcZhqgl2JcI1tIHFaBQ6aA&oe=6A707A14,https://web.facebook.com/groups/404302279971716
Jual Beli Bawang Goreng Indonesia (JUBAGORIN),2713770159024905,2026-07-22T11:36:35.000Z,Kaluku Bumi Sumatera,61571505271234,https://www.facebook.com/61571505271234,"Bismillah...
Bismillah, melangkah dengan niat yang baik dan usaha yang sungguh-sungguh.",,,0,0,0,False,https://www.facebook.com/groups/404302279971716/permalink/2713770159024905/,https://scontent-sea5-1.xx.fbcdn.net/v/t15.5256-10/754677169_2612961225816392_520236738823123804_n.jpg?stp=dst-jpg_tt6&cstp=mx480x856&ctp=s480x856&_nc_cat=110&ccb=1-7&_nc_sid=5fad0e&_nc_ohc=dR_jlnOaVKIQ7kNvwE0y8Dw&_nc_oc=AdpdaSgji1zKpfOUdrQSMyPtJ1OH_baWnaWj7vpgJIeoTN26KeJUrIK3wkn7ZOu_rmHqaSfkK0Kj_9pWnD-_NwOX&_nc_zt=23&_nc_ht=scontent-sea5-1.xx&_nc_gid=_t_cepXs5fLiMesdyCSniA&_nc_ss=72289&oh=00_AQFdROnMNNUNEsIz8cEQ4u9_TPVFJeblP53lfoVwjNC3Ow&oe=6A708D6D,https://web.facebook.com/groups/404302279971716
Bawang Goreng Nusantara,27419707740989185,2026-07-28T19:13:15.000Z,Karomah Bagor,pfbid02HfLRs9BPN33nkA9oVWgYrT4ibAfoFy3fWg3fcKqzx56S8qkSmC9tBphRX3WcPJ41l,https://www.facebook.com/pfbid02HfLRs9BPN33nkA9oVWgYrT4ibAfoFy3fWg3fcKqzx56S8qkSmC9tBphRX3WcPJ41l,"Grade c  Rp. 3x.xxx
0878-6188-1939",,,0,0,0,True,https://www.facebook.com/groups/4703268329726449/permalink/27419707740989185/,https://www.facebook.com/media/set/?set=pcb.27419707740989185&type=1 | https://scontent-bos5-1.xx.fbcdn.net/v/t15.5256-10/759433626_1598452195141531_2895528898208853947_n.jpg?stp=dst-jpg_tt6&cstp=mx1076x1920&ctp=s590x590&_nc_cat=106&ccb=1-7&_nc_sid=117846&_nc_ohc=uGNbENxzkSsQ7kNvwFw_dWp&_nc_oc=AdpBigxPYrqa0CmAiCSP0PpPvH7teA6QHCTfxtETFlN7GF6b-IVw4u2CIqbZTZ9S8TI&_nc_zt=23&_nc_ht=scontent-bos5-1.xx&_nc_gid=7BXEq3deyUFfxvI_zgo5Ow&_nc_ss=72289&oh=00_AQGHb8ZdfCUhY7EZXLSzB0TGO9WSwJ7dpa0erzPqo72nEw&oe=6A706E87 | https://scontent-bos5-1.xx.fbcdn.net/v/t15.5256-10/759500343_1517750012942769_5431398454857335131_n.jpg?stp=dst-jpg_tt6&cstp=mx720x1280&ctp=s590x590&_nc_cat=111&ccb=1-7&_nc_sid=117846&_nc_ohc=v86plcznO7QQ7kNvwFRhmO7&_nc_oc=AdrvNJCTwJgLUAjE0T3oL93zH4j0szyfAMB1hPm98QEcks614thvTI122SHfGdgIZDA&_nc_zt=23&_nc_ht=scontent-bos5-1.xx&_nc_gid=7BXEq3deyUFfxvI_zgo5Ow&_nc_ss=72289&oh=00_AQEOYa-r8j6kwFiksBcyUjt3ZIBPyg78AIBvOMlvXY2b2Q&oe=6A706776,https://web.facebook.com/groups/4703268329726449
Bawang Goreng Nusantara,27416973891262570,2026-07-28T14:41:03.000Z,Desi Frimai Zora,100003823747833,https://www.facebook.com/100003823747833,"Besok hari rabu bakalan ready ciput ya yang ngk kebagian kmren silahkan di keep dari skrng ready tidak bnyk ya 🥰

@ [3899370750200345:49210:@sorotan]",May be an image of food,,1,0,0,True,https://www.facebook.com/groups/4703268329726449/permalink/27416973891262570/,https://www.facebook.com/media/set/?set=pcb.27416973891262570&type=1 | https://scontent-bos5-1.xx.fbcdn.net/v/t15.5256-10/755220973_1017664504312530_8866721481086049477_n.jpg?stp=dst-jpg_tt6&cstp=mx1080x1920&ctp=s590x590&_nc_cat=108&ccb=1-7&_nc_sid=117846&_nc_ohc=gNzyzpsBhS8Q7kNvwGxtNZ4&_nc_oc=AdpF7uR8tjZ1bpst2d82ErrmxCPJfeDk__OVKGYck462MZwkMtoXsY04b3_5GLxtCHI&_nc_zt=23&_nc_ht=scontent-bos5-1.xx&_nc_gid=7BXEq3deyUFfxvI_zgo5Ow&_nc_ss=72289&oh=00_AQEJvL0RPJ92tDF6EhEHf8IsmmWitZEYgcrdqZc8m0DFRg&oe=6A70907A | https://scontent-bos5-1.xx.fbcdn.net/v/t39.30808-6/756833123_3899369506867136_8060013165460237523_n.jpg?stp=dst-jpg_tt6&cstp=mx468x1040&ctp=s590x590&_nc_cat=111&ccb=1-7&_nc_sid=aa7b47&_nc_ohc=50BIf5uwMeUQ7kNvwGI1-25&_nc_oc=AdqqODCzU0NqQu4T8eK1W3E-KR2HlOXPGwCvuEmpZ4JzRjeyaa2d4vDhfDNt7cSj3Ao&_nc_zt=23&_nc_ht=scontent-bos5-1.xx&_nc_gid=7BXEq3deyUFfxvI_zgo5Ow&_nc_ss=72289&oh=00_AQFmcHfwgkrQYIoyrAyaR-WEuGWMxvqReIgmWLftTQ_qkw&oe=6A706EF8,https://web.facebook.com/groups/4703268329726449
Jual Beli Bawang Goreng,2801950216844750,2026-07-28T03:03:19.000Z,Yunus,100003830497638,https://www.facebook.com/100003830497638,"Ayo tempenya tinggal dikit lagi monggo segerah dibeli bunda

 #tempe #tempegurih #tempemurni #makananbergizi #reelsfbpro",,,0,0,0,True,https://www.facebook.com/groups/1823856604654121/permalink/2801950216844750/,https://scontent-atl3-3.xx.fbcdn.net/v/t15.5256-10/756338462_5343803985844141_594785501354555125_n.jpg?stp=dst-jpg_tt6&cstp=mx1080x1920&ctp=s960x960&_nc_cat=107&ccb=1-7&_nc_sid=117846&_nc_ohc=s_Tq4x9LdOQQ7kNvwFs80El&_nc_oc=AdpcQOiQKJIrqvSt0-ZCULmIwENOmxmG7bMamFhVOYPLUAlC9Tm56Ht3DIJkpgEcoS2HI9wVFt-vPi1wNiEfHU1n&_nc_zt=23&_nc_ht=scontent-atl3-3.xx&_nc_gid=nctr-UrBg_ZTkUaDrXJBzA&_nc_ss=72289&oh=00_AQEyFU5ply93NCtRyfMn8pnc-oXztuiXX0S_II28lE8Nmg&oe=6A707719,https://web.facebook.com/groups/1823856604654121
Jual Beli Bawang Goreng,2801841376855634,2026-07-28T00:03:29.000Z,Hary Mas Wayan,100000147643240,https://www.facebook.com/100000147643240,#fbro #sorotan Sorotan Asia Siaran Arena62 TV & Nobar62 TV Pengikutku @sorotan  @sorotan Sorotan Pengikut Publik Sorotan Berita Viral pengikut SEMUA ORANG semua orang,,,0,0,0,False,https://www.facebook.com/groups/1823856604654121/permalink/2801841376855634/,https://scontent-atl3-2.xx.fbcdn.net/v/t15.5256-10/758455872_1054349843815356_2117577950807182307_n.jpg?stp=dst-jpg_tt6&cstp=mx720x1280&ctp=s960x960&_nc_cat=101&ccb=1-7&_nc_sid=5fad0e&_nc_ohc=KSV9VKKNjx0Q7kNvwG6AY6P&_nc_oc=AdppINARM9sedcnw_01RJ5ZSIf5-0aIprfeTZJiomGZqGPlvXfpVLo1nEZo6fQiKD8oSoUP4lQt0GFabtJGREkjR&_nc_zt=23&_nc_ht=scontent-atl3-2.xx&_nc_gid=nctr-UrBg_ZTkUaDrXJBzA&_nc_ss=72289&oh=00_AQGjZwb0uULN7SKSFtAqHGDAt_TJxGwyYCf96jsnidpXQQ&oe=6A707231,https://web.facebook.com/groups/1823856604654121
Jual Beli Bawang Goreng,2801377850235320,2026-07-27T12:49:19.000Z,Supadi Jamur Crispy,100002165136072,https://www.facebook.com/100002165136072,"Yang setiap harinya ngepacknya ratusan pcs,pakai ini supaya hemat waktu dam ga sakit pinggang.
https://s.shopee.co.id/BSS5lmCjV",,,0,0,0,False,https://www.facebook.com/groups/1823856604654121/permalink/2801377850235320/,https://scontent-atl3-2.xx.fbcdn.net/v/t15.5256-10/756434893_2871140469915272_4613293810520147279_n.jpg?stp=dst-jpg_tt6&cstp=mx1080x1920&ctp=s960x960&_nc_cat=104&ccb=1-7&_nc_sid=5fad0e&_nc_ohc=4U6mXxNBbnIQ7kNvwEdf-UN&_nc_oc=AdrLUAeBsAUtk5f9dv1p9HDb0eAk9BnydiEnEc74oYB1t8yn3uRRAqKP4C2ORRRyqCCScLSjwHcdBYHNttWxvAm2&_nc_zt=23&_nc_ht=scontent-atl3-2.xx&_nc_gid=nctr-UrBg_ZTkUaDrXJBzA&_nc_ss=72289&oh=00_AQHSDpvNnbnGg7SRIRfMPYSIlJM9EWToUrP7NPhq6uEeHw&oe=6A707F41,https://web.facebook.com/groups/1823856604654121
Jual Beli Bawang Goreng,2800895730283532,2026-07-27T00:42:34.000Z,Vanz Wajan,pfbid0StaLTe2zjUMuhxrg67NjfZaCT8SdH2nHJqVjhfGW4EfofiGS8wbhY22FcnXTV4del,https://www.facebook.com/pfbid0StaLTe2zjUMuhxrg67NjfZaCT8SdH2nHJqVjhfGW4EfofiGS8wbhY22FcnXTV4del,"Bismillāh admin izin Mencari rizkinya
KUALI WAJAN BESAR untuk PRODUKSI
KERUPUK, KERIPIK, SUKRO, SNACK DLL
083820152388

Material Plat Besi / Stainless 
Diameter 70 cm
Diameter 80 cm
Diameter 90 cm
Diameter 100 cm
Diameter 110 cm
Diameter 115 cm
Diameter 120 cm

Kegunaan
- Penggorengan Krupuk 
- Penggorengan Kripik
- Penggorengan Snack
- Penggorengan Sukro
- Penggorengan serbaguna
Semua Orang 
Sorotan Rakyat083820152388","May be an image of range hood and water heater | May be an image of silo, range hood and water heater | May be an image of text that says 'Vanswajan wajan Vans 083820152388 0838201 52388 OPPO OPPOA18 A18'",,0,0,0,False,https://www.facebook.com/groups/1823856604654121/permalink/2800895730283532/,https://www.facebook.com/vanz.wajan/posts/pfbid0jM58AxREggjPLCGFDJdo8z8nCoEqVcwAbBVywqJxwgzfCMxVBCuR7mnsrVVGbS4Al | https://scontent-phx1-1.xx.fbcdn.net/v/t39.30808-6/756440742_122271890072163582_3635438050153733956_n.jpg?stp=dst-jpg_tt6&cstp=mx900x1600&ctp=s590x590&_nc_cat=100&ccb=1-7&_nc_sid=833d8c&_nc_ohc=hiSTNwpSjIsQ7kNvwGg-oSt&_nc_oc=AdoEipN4w5IXIZS4uKdg24MvRt7dqwhhcJxmbFhIm1hAMCxYh43fD8DrYzUJ6kNICvkDEcCjRL-bBJqSYq-7FVPy&_nc_zt=23&_nc_ht=scontent-phx1-1.xx&_nc_gid=5QldtAgP8SnPeHipuwbSCg&_nc_ss=72289&oh=00_AQEqM50CRDWOjuQE6ttDMiQfbCVwGbyQJ3P-thjLToHapw&oe=6A7067C2 | https://scontent-phx1-1.xx.fbcdn.net/v/t39.30808-6/757798444_122271890120163582_7016270161411247722_n.jpg?stp=dst-jpg_tt6&cstp=mx900x1600&ctp=s590x590&_nc_cat=103&ccb=1-7&_nc_sid=833d8c&_nc_ohc=6YrHB0j07C0Q7kNvwFlYsgl&_nc_oc=AdpYxs0DPdZt6RNl3Ch9wuT667j_Rw41_vvg7-EZ6dkj8i6wj5VdOHy4mE7Ijmul-tPLJCluD7vPAXeC_M6YizQ3&_nc_zt=23&_nc_ht=scontent-phx1-1.xx&_nc_gid=5QldtAgP8SnPeHipuwbSCg&_nc_ss=72289&oh=00_AQEfdJF1zYkEmxQSN4IKVLRA7h6Ty5AxW6XvNNx-R3iwIA&oe=6A708A18 | https://scontent-phx1-1.xx.fbcdn.net/v/t39.30808-6/756526586_122271890168163582_6788096014168219114_n.jpg?stp=cp6_dst-jpg_tt6&cstp=mx720x954&ctp=s590x590&_nc_cat=106&ccb=1-7&_nc_sid=833d8c&_nc_ohc=I0jtWGI2MT8Q7kNvwFMIXE1&_nc_oc=AdovLPiD27DXaURSZ2ooYgwac6QlKrTqsAO01aF2vvcXuKLmOyWKH48wtzDRLdcP74jyomfz7EhmsA_yVfK7Nt4j&_nc_zt=23&_nc_ht=scontent-phx1-1.xx&_nc_gid=5QldtAgP8SnPeHipuwbSCg&_nc_ss=72289&oh=00_AQGS_xKcKjoxZRL2DrjKl5Us0Cudjh9cW8h5ydkfYnwU_A&oe=6A707AED | https://scontent-phx1-1.xx.fbcdn.net/v/t39.30808-6/756909009_122271890222163582_5292651297759517373_n.jpg?stp=dst-jpg_tt6&cstp=mx1536x2048&ctp=s590x590&_nc_cat=106&ccb=1-7&_nc_sid=833d8c&_nc_ohc=5zb6gOgRdUEQ7kNvwFJQD7K&_nc_oc=AdrpozkpLq3WKYMRIxHf0d99UtQj2LeGQ2f60jDcmiXfvxU7IaR8CQuAs8-PV-_NpDs8RIouJiDm-_g9HIyko1FH&_nc_zt=23&_nc_ht=scontent-phx1-1.xx&_nc_gid=5QldtAgP8SnPeHipuwbSCg&_nc_ss=72289&oh=00_AQGxwPQ1ElT-jqEoqtrY4e2n9XmbvU1MLWaU6epwOXbi-Q&oe=6A7071CB | https://scontent-phx1-1.xx.fbcdn.net/v/t39.30808-6/757305404_122271890276163582_2723742634361050262_n.jpg?stp=cp6_dst-jpg_tt6&cstp=mx1536x2048&ctp=s590x590&_nc_cat=101&ccb=1-7&_nc_sid=833d8c&_nc_ohc=TRZQ6eAfHAQQ7kNvwGh7QmV&_nc_oc=Adryguba8-8O1B3ScWG1Euu0utOfVNJmojRFDuJwj4W7VYCXYmcGbaitM1Vato4_Qw7GTgjuwnxNykEsTm07TGXd&_nc_zt=23&_nc_ht=scontent-phx1-1.xx&_nc_gid=5QldtAgP8SnPeHipuwbSCg&_nc_ss=72289&oh=00_AQHQI4ZBFd-aPt-qIyutEbwpp6hxWBogA9kNx5ZtIHEmDg&oe=6A7099BB,https://web.facebook.com/groups/1823856604654121
Jual Beli Bawang Goreng,2800415420331563,2026-07-26T12:32:27.000Z,Muji On Steven,100044173022107,https://www.facebook.com/100044173022107,"Pengiriman tempe untuk dapur mbg, trimakasih banyak atas orderan nya
#bakoltempe
#pesananmbg","May be an image of text that says 'மிஷ் Allhamdulillah, pengiriman tempe sudah sampai'",,0,0,0,False,https://www.facebook.com/groups/1823856604654121/permalink/2800415420331563/,https://scontent-phx1-1.xx.fbcdn.net/v/t39.99422-6/756632419_1335931278744841_6211951148509533214_n.png?stp=dst-jpg_tt6&cstp=mx1536x2048&ctp=p526x296&_nc_cat=100&ccb=1-7&_nc_sid=aa7b47&_nc_ohc=QH8Xo1MwQi0Q7kNvwE0LiAV&_nc_oc=AdrBme1pItI_Nh0zwcqkSbVCZRpqh264ieK8qm82YQKw_EoyggJoyV50ImrTEuR3t7hnW0YHU5kLgGeiIB7fMrzu&_nc_zt=14&_nc_ht=scontent-phx1-1.xx&_nc_gid=5QldtAgP8SnPeHipuwbSCg&_nc_ss=72289&oh=00_AQGWGHYnZjlAmYO98kAU5CGtHdG7dCV7KsPkMx4ShMXVIQ&oe=6A7078CA,https://web.facebook.com/groups/1823856604654121
Jual Beli Bawang Goreng,2800327413673697,2026-07-26T10:28:31.000Z,Dedek Adah,61554283876286,https://www.facebook.com/61554283876286,Ini tahunya sudah siap bungkus semua ya gaes buat penjualan besok pagi semoga laris manis ya gaies,,,0,0,0,True,https://www.facebook.com/groups/1823856604654121/permalink/2800327413673697/,https://scontent-phx1-1.xx.fbcdn.net/v/t15.5256-10/755734670_1016817044448673_6551103687159365256_n.jpg?stp=dst-jpg_tt6&cstp=mx1080x1920&ctp=s960x960&_nc_cat=109&ccb=1-7&_nc_sid=117846&_nc_ohc=PC_Ub5yvJIIQ7kNvwFGJ3-O&_nc_oc=AdqDfG-ypr7BcCwUGA1k8GUa1caInGu9j1847MKLHR7WtDaMP_3nschDU3FXvl-qUG1NudYmiUiRJ7dt9m7QqERc&_nc_zt=23&_nc_ht=scontent-phx1-1.xx&_nc_gid=5QldtAgP8SnPeHipuwbSCg&_nc_ss=72289&oh=00_AQHAYLW7doBKooCs4dFIrQS7aP8DW260ik2y82jj0DreWQ&oe=6A709C0D,https://web.facebook.com/groups/1823856604654121
Jual Beli Bawang Goreng,2799996460373459,2026-07-26T01:57:28.000Z,Vanz Wajan,pfbid0StaLTe2zjUMuhxrg67NjfZaCT8SdH2nHJqVjhfGW4EfofiGS8wbhY22FcnXTV4del,https://www.facebook.com/pfbid0StaLTe2zjUMuhxrg67NjfZaCT8SdH2nHJqVjhfGW4EfofiGS8wbhY22FcnXTV4del,"Bismillāh admin izin Mencari rizkinya
KUALI WAJAN BESAR untuk PRODUKSI
KERUPUK, KERIPIK, SUKRO, SNACK DLL
083820152388

Material Plat Besi / Stainless 
Diameter 70 cm
Diameter 80 cm
Diameter 90 cm
Diameter 100 cm
Diameter 110 cm
Diameter 115 cm
Diameter 120 cm

Kegunaan
- Penggorengan Krupuk 
- Penggorengan Kripik
- Penggorengan Snack
- Penggorengan Sukro
- Penggorengan serbaguna
Semua Orang 
Sorotan Rakyat083820152388",May be an image of range hood and foundry | May be an image of foundry,,0,0,0,False,https://www.facebook.com/groups/1823856604654121/permalink/2799996460373459/,https://www.facebook.com/vanz.wajan/posts/pfbid0foKWy8VqdsuczPgrPcxJyQyNRaKHgYDmWk38R3jXWCVUSGZzL3FipjgnTTyAPHdbl | https://scontent-lax7-1.xx.fbcdn.net/v/t39.30808-6/749286957_122270845304163582_2886292224476604721_n.jpg?stp=dst-jpg_tt6&cstp=mx1536x2048&ctp=s590x590&_nc_cat=110&ccb=1-7&_nc_sid=833d8c&_nc_ohc=irsccF-k5w0Q7kNvwGPV0Me&_nc_oc=Adpoig16GaXC7tfg6B71VDpEGyxueS4ebG6fSk8D0D8-fMuAqWhhAPT0_jZ9I42PXKeMvkR6xFr1DoEZZ6FW3Bgr&_nc_zt=23&_nc_ht=scontent-lax7-1.xx&_nc_gid=NeRk7sGgK8GxDcwbZPoDcA&_nc_ss=72289&oh=00_AQFTG2SyIv09-NaMNJxMceFXrL6hAAntA_J_FHZOTYYbuA&oe=6A7083CA | https://scontent-lax3-2.xx.fbcdn.net/v/t39.30808-6/749389782_122270845364163582_4384923332222007340_n.jpg?stp=dst-jpg_tt6&cstp=mx1536x2048&ctp=s590x590&_nc_cat=108&ccb=1-7&_nc_sid=833d8c&_nc_ohc=GR513Am5VmQQ7kNvwHIBBbp&_nc_oc=AdqgAsCXUOu14WB6p-hepG-JD_M8xURXSjUQH6qFul0cJrC_ltt7LOnbHrNs1WCnvWNTO8Ycqj6S9VAoh-DoosWp&_nc_zt=23&_nc_ht=scontent-lax3-2.xx&_nc_gid=NeRk7sGgK8GxDcwbZPoDcA&_nc_ss=72289&oh=00_AQHpLjjeJKFsy3mXv8apPud5KDF8qIuT06jALXyqUbFiYw&oe=6A708931 | https://scontent-lax3-2.xx.fbcdn.net/v/t39.30808-6/749286881_122270845412163582_3685917108195690980_n.jpg?stp=dst-jpg_tt6&cstp=mx1536x2048&ctp=s590x590&_nc_cat=103&ccb=1-7&_nc_sid=833d8c&_nc_ohc=W7GLtbqTYZwQ7kNvwHwII_B&_nc_oc=AdpevNkMKA4TOMHhcxlhsytVcMSv1kKogPVHdXQvUVYiMvDtSWfUE7FGKfPFY4wd_RLoHrjFXJJzLyW0VILEwXvl&_nc_zt=23&_nc_ht=scontent-lax3-2.xx&_nc_gid=NeRk7sGgK8GxDcwbZPoDcA&_nc_ss=72289&oh=00_AQH0l6kIV60J-cVRaykZsJhzkXz1zmz1DL2DMhi4N9hFtQ&oe=6A708BC8 | https://scontent-lax7-1.xx.fbcdn.net/v/t39.30808-6/749330653_122270845454163582_2051438815444915806_n.jpg?stp=dst-jpg_tt6&cstp=mx1536x2048&ctp=s590x590&_nc_cat=105&ccb=1-7&_nc_sid=833d8c&_nc_ohc=_tMCZk_JVi8Q7kNvwHhINqV&_nc_oc=Adqti4yjajZl0m4XsNmjDAaqtzyeegdcJMu7X7Y2YbNnEeG6ZiAJ2kj6PId99b7mqrPbje6CIcrF_-X0pZab7ERi&_nc_zt=23&_nc_ht=scontent-lax7-1.xx&_nc_gid=NeRk7sGgK8GxDcwbZPoDcA&_nc_ss=72289&oh=00_AQFUKEfRb0LDwkY6Sx_BD3cALPkKz2VhAgDXcdT3Ku4Y6w&oe=6A708EB8 | https://scontent-lax3-2.xx.fbcdn.net/v/t39.30808-6/749788950_122270845496163582_409954434736541022_n.jpg?stp=dst-jpg_tt6&cstp=mx1536x2048&ctp=s590x590&_nc_cat=106&ccb=1-7&_nc_sid=833d8c&_nc_ohc=Wy_BKXMnOokQ7kNvwGbLz49&_nc_oc=AdrSO-QdxHMdFMn2wnKuYC-dxr2AZv3LwNG9WknCAO71UKT8qkWIMG2k5O9rV75khygIeNnloV41JeRO4NwT27yV&_nc_zt=23&_nc_ht=scontent-lax3-2.xx&_nc_gid=NeRk7sGgK8GxDcwbZPoDcA&_nc_ss=72289&oh=00_AQFhCsaeqIX8NHS9iYHO77d3fHDo91uRbpmt1Pu7ahy4Bw&oe=6A7067E3,https://web.facebook.com/groups/1823856604654121
Jual Beli Bawang Goreng,2799455547094217,2026-07-25T11:50:00.000Z,Muji On Steven,100044173022107,https://www.facebook.com/100044173022107,"Proses pembalikan tempe
 #bakoltempe
 #tempeplastik",,,1,0,0,True,https://www.facebook.com/groups/1823856604654121/permalink/2799455547094217/,https://scontent-lax3-2.xx.fbcdn.net/v/t15.5256-10/756136767_1593851512101854_2059704683585986698_n.jpg?stp=dst-jpg_tt6&cstp=mx1076x1920&ctp=s960x960&_nc_cat=111&ccb=1-7&_nc_sid=117846&_nc_ohc=GqsDAAmRoq4Q7kNvwEGfM44&_nc_oc=AdpHq3zBN1jdUP5bl7Bwx9COSbQnmIJnAyXE3BFgxW6noBx8mCcwvbBu6S-ZQWfDES9hzxMPz_lvTB7zLtRcz819&_nc_zt=23&_nc_ht=scontent-lax3-2.xx&_nc_gid=NeRk7sGgK8GxDcwbZPoDcA&_nc_ss=72289&oh=00_AQG-alK8v-2VTcdWD05r92-xwEh3IM1ZObkMF9Z0D4BxQQ&oe=6A709C4F,https://web.facebook.com/groups/1823856604654121
